brand,name,year,shape,weight_g,balance,core,surface,price_zar,price_high_zar,price_spread,cheapest_store,stores_count,stores,level,best_for,in_stock,url,description
2026,2026 AT10 Pro Cup Hard by Agustín Tapia,2026,,,,hard EVA,carbon,3995,3995,0,World of Padel,1,World of Padel,improver,,yes,https://worldofpadel.co.za/product/2026-at10-pro-cup-hard-by-agustin-tapia-2/,"2026 AT10 Pro Cup Hard by Agustín Tapia The new AT10 Pro Cup HARD 2026 updates its design while maintaining the essence of an iconic racket, now featuring the mould used by Agustín Tapia in 2025. It incorporates the latest high-performance innovations such as the EOS Flap, which enhances aerodynamics and manoeuvrability, and the Pulse System, which reduces vibrations for a more comfortable and sta"
2026,2026 AT10 Pro Cup Soft by Agustín Tapia,2026,,360,,soft EVA,carbon,3995,3995,0,World of Padel,1,World of Padel,improver,,yes,https://worldofpadel.co.za/product/2026-at10-pro-cup-soft-by-agustin-tapia-2/,"2026 AT10 Pro Cup Soft by Agustín Tapia The AT Pro Cup Soft 2026 evolves with the mould of Agustín Tapia’s 2025 racket, incorporating advanced technologies such as the EOS Flap , which improves aerodynamics and manoeuvrability, and the Pulse System , designed to reduce vibrations and maximise comfort on every shot. Designed for players who prioritise comfort, this racket combines aluminised fibreg"
2026,2026 Equation Advanced Hard,2026,round,355,medium,hard EVA,3K carbon,2799,2799,0,World of Padel,1,World of Padel,improver,,yes,https://worldofpadel.co.za/product/2026-equation-advanced-hard/,"The EQUATION Hard maintains its renowned combination of manoeuvrability, control and precision, offering excellent feel and a wide sweet spot thanks to the rubber also used in competition rackets. With medium balance, a carbon frame, and an anti-vibration system, it is designed to protect the player from potential injuries without compromising performance. Its faces feature rough Exclusive Spin , "
2026,2026 X-Zero Blue,2026,round,350,,EVA,3K carbon,1995,1995,0,World of Padel,1,World of Padel,beginner,,yes,https://worldofpadel.co.za/product/2026-x-zero-blue/,"Description The X-Zero is the perfect racket for beginners and intermediate players looking for superior control and greater forgiveness on every shot. Its round shape and new optimised hole pattern widen the sweet spot, improving ball placement and reducing errors on off-centre hits. A racket designed to offer confidence from day one, helping you to improve your technique and enjoy every game mor"
2026,2026 X-Zero Red,2026,round,350,,EVA,3K carbon,2295,2295,0,World of Padel,1,World of Padel,beginner,,yes,https://worldofpadel.co.za/product/2026-x-zero-red/,"Description The X-Zero is the perfect racket for beginners and intermediate players looking for superior control and greater forgiveness on every shot. Its round shape and new optimised hole pattern widen the sweet spot, improving ball placement and reducing errors on off-centre hits. A racket designed to offer confidence from day one, helping you to improve your technique and enjoy every game mor"
Adidas,2024 Adidas Match 3.3 (Black/Red),2024,diamond,360,,soft EVA,carbon,1199,1199,0,World of Padel,1,World of Padel,beginner,,no,https://worldofpadel.co.za/product/2024-adidas-match-3-3-black-red/,"A racket for players looking to dominate all types of shots and find the differential factor in power The ADIDAS MATCH 3.3 BLAC RED is a racket that is made to offer the best handling and great capabilities in terms of power. It is aimed at players who want to improve in all aspects of the game, but mainly the attacking game. Its All-Round shape shifts the weight to the upper part of the racket, m"
Adidas,2024 Adidas RX Series Light,2024,round,350,low,soft EVA,carbon,1795,1795,0,PadelDeals,1,PadelDeals,beginner,,yes,https://padeldeals.co.za/products/2024-adidas-rx-series-light-padel-racket,"The Adidas RX Series Light 2024 padel racket is the perfect choice for players seeking a blend of control, comfort, and maneuverability. Designed with a lightweight frame, this racket is easy to handle, making it ideal for players who prioritize precision in their game. Its round shape and soft core provide a generous sweet spot, ensuring consistent performance on every shot. Whether you're a begi"
Adidas,2025 Adidas Cross It Light 3.4 by Martita Ortega,2025,round,375,,soft EVA,carbon,4299,4495,196,The Padel Market,2,PadelDeals | The Padel Market,improver,,yes,https://thepadelmarket.co.za/products/adidas-cross-it-light-3-4-2025,"The 2025 Adidas Cross It Light 3.4 is Marta Ortega’s latest weapon, crafted for players who demand agility, precision, and power in every shot. Weighing just 345-360g, its round shape ensures outstanding control, while the Carbon Aluminized 24K surface delivers a crisp, responsive feel. Featuring Dynamic Air Flow technology for optimized aerodynamics and EVA Soft Energy rubber for enhanced ball re"
Adidas,2025 Adidas Match Black 3.4,2025,round,,,soft EVA,fibreglass,1495,1495,0,PadelDeals,1,PadelDeals,beginner,,yes,https://padeldeals.co.za/products/2025-adidas-match-black-3-4,"Refine your game with the perfect blend of control and power in every swing. The ADIDAS MATCH BLACK 3.4 is the ideal racquet for players looking to refine their style and perform at their best on the court. Its versatile all-round shape excels in both attacking and defensive play, making it a dependable choice for any match. With a fibreglass surface and low-density EVA Soft Performance foam, this"
Adidas,2025 Adidas Metalbone Carbon 3.4 Bundle,2025,,,,,carbon,5495,5495,0,PadelDeals,1,PadelDeals,intermediate,,yes,https://padeldeals.co.za/products/2025-adidas-metalbone-carbon-3-4-bundle,
Adidas,2025 Adidas Metalbone Carbon CTRL 3.4 Bundle,2025,,,,,carbon,5495,5495,0,PadelDeals,1,PadelDeals,intermediate,,yes,https://padeldeals.co.za/products/2025-adidas-metalbone-carbon-ctrl-3-4-bundle,
Adidas,2026 Adidas Arrow Hit Hexagon Cup - Limited Edition,2026,diamond,,,soft EVA,carbon,5995,5995,0,PadelDeals,1,PadelDeals,intermediate,,yes,https://padeldeals.co.za/products/2026-adidas-arrow-hit-hexagon-cup-limited-edition,"The adidas Metalbone Pro Edt 2025 is a limited-edition racket developed in collaboration with Ale Galán. From Madrid to the world, Ale has redefined what it means to compete with character, intelligence, and power. This racket draws inspiration from Mercury’s energy: fast, unpredictable, precise. It’s made for those who play on the edge, without compromise. The Metalbone PRO-EDT 2025 is a power ra"
Adidas,2026 Adidas Arrow Hit PRO EDT - Limited Edition | Ari Sánchez,2026,,,,,,9295,9295,0,PadelDeals,1,PadelDeals,advanced,,yes,https://padeldeals.co.za/products/2026-adidas-arrow-hit-pro-edt-limited-edition-ari-sanchez,
Adidas,2026 Adidas Cross IT Carbon,2026,diamond,,,EVA,carbon,4299,5999,1700,PadelZone,3,PadelDeals | PadelZone | Virgin Active Padel Club,intermediate,,yes,https://padelzone.co.za/products/adidas-cross-it-carbon-2026-padel-racket,"The-all new Adidas Cross IT Carbon 2026 is here with premium power and comfort for the Padel player looking to attack with conviction. Featuring a diamond shape with high sweet spot and Carbon 6K face, this innovative Padel Racket combines Soft Performance EVA core with revolutionary 11 Thirteen technology for exceptional power with improved comfort and durability, making it perfect for profession"
Adidas,2026 Adidas Cross IT Light,2026,round,355,,EVA,carbon,4999,6499,1500,The Padel Market,4,PadelDeals | PadelZone | The Padel Market | Virgin Active Padel Club,intermediate,,yes,https://thepadelmarket.co.za/products/crossit-light-2026,"The Adidas Cross It Light 2026 is a padel racket designed for players seeking a perfect balance between power and control with every shot. Its advanced lightness and round shape with a centered sweet spot ensure maneuverability and precision, ideal for those who master technique and rhythm on the court. This model, which stands out for its innovative dynamic air flow system, is intended for profes"
Adidas,2026 Adidas Cross It PRO EDT - Limited Edition | Martita Ortega,2026,,,,,,7495,7495,0,PadelDeals,1,PadelDeals,advanced,,yes,https://padeldeals.co.za/products/2026-adidas-cross-it-pro-edt-limited-edition-martita-ortega,
Adidas,2026 Adidas Cross IT Team CTRL,2026,round,,high,EVA,fibreglass,3995,3999,4,PadelDeals,3,PadelDeals | PadelZone | Virgin Active Padel Club,improver,,yes,https://padeldeals.co.za/products/2026-adidas-cross-it-team-ctrl,"Introducing the all new Adidas Cross IT Team CTRL 2026, a perfect combination of power and comfort in one great looking package. Featuring a round shape with centred sweet spot and Fibreglass face, this innovative Padel Racket combines Soft Performance EVA core with revolutionary 11 Thirteen technology for exceptional control with improved comfort and durability, making it perfect for advanced pla"
Adidas,2026 Adidas Drive Black,2026,round,,medium,EVA,fibreglass,1995,2495,500,PadelDeals,4,PadelDeals | PadelGear | PadelZone | Virgin Active Padel Club,beginner,,yes,https://padeldeals.co.za/products/2026-adidas-drive-black,"Introducing the Adidas Drive (Black) 2026, part of the new 2026 Adidas Padel range. Built for beginners and casual players prioritizing comfort, it delivers effortless handling, maximum control, and a completely vibration-free feel on the court. Key features: Round shape, low balance: Weight concentrated near the grip for effortless maneuverability and rapid defensive reactions. Lightweight Profil"
Adidas,2026 Adidas Drive Blue,2026,round,,low,EVA,fibreglass,1995,1999,4,PadelDeals,3,PadelDeals | PadelZone | Virgin Active Padel Club,beginner,,yes,https://padeldeals.co.za/products/2026-adidas-drive-blue,"The Adidas Drive Blue 2026 Padel Racket is the ideal companion for beginner players stepping onto the court for the first time. Designed with ease of use and comfort at its core, this racket helps developing players build confidence while learning the fundamentals of Padel. Adidas has been at the forefront of sports innovation for decades, and the 2026 Drive collection continues that legacy. The s"
Adidas,2026 Adidas Drive Light,2026,round,,medium,EVA,fibreglass,1995,1999,4,PadelDeals,3,PadelDeals | PadelZone | Virgin Active Padel Club,beginner,,yes,https://padeldeals.co.za/products/2026-adidas-drive-light,"Introducing the Adidas Drive Light 2026 Padel Racket , a lightweight entry-level racket that makes stepping onto the Padel court a comfortable and enjoyable experience. With its clean white and orange design, this racket combines ease of handling with reliable performance for beginners who want a smooth start to their Padel journey. Adidas has been at the forefront of Padel innovation, and the Dri"
Adidas,2026 Adidas Match (Black/Orange),2026,teardrop,,,EVA,fibreglass,1995,2495,500,PadelDeals,2,PadelDeals | PadelGear,beginner,,yes,https://padeldeals.co.za/products/2026-adidas-match-light-copy,"Introducing the Adidas Match Black/Orange 2026, part of the new 2026 Adidas Padel range. Built for players starting their padel journey, it delivers an enormous sweet spot, reliable comfort, and easy, forgiving power to help you master the basics with confidence. Key features: All-Round Teardrop shape: Perfectly balanced to provide a versatile mix of power and defensive control. Extra Large Sweet "
Adidas,2026 Adidas Metalbone,2026,diamond,355,,EVA,carbon,5799,7999,2200,The Padel Market,5,PadelDeals | PadelGear | PadelZone | The Padel Market | Virgin Active Padel Club,advanced,,yes,https://thepadelmarket.co.za/products/metalbone-2026,"The new Adidas Metalbone 2026, the padel racket designed for players seeking explosive performance and total dominance on the court. Its innovative structure and advanced technologies offer a perfect blend of power and control, ideal for those demanding an aggressive and sophisticated game. Designed for the professional male player who sets the pace, this top-category padel racket adapts to offens"
Adidas,2026 Adidas Metalbone Carbon,2026,diamond,,,EVA,carbon,4499,5999,1500,PadelZone,3,PadelDeals | PadelZone | Virgin Active Padel Club,intermediate,,yes,https://padelzone.co.za/products/metalbone-carbon-2026,"The Adidas Metalbone Carbon 2026 is finally here and the latest evolution of one of Padel's most iconic power rackets. Featuring a diamond shape with head-heavy balance and revolutionary octagonal structure, this aggressive Padel Racket combines Carbon 6K face construction with Soft Performance EVA for devastating power whilst maintaining exceptional control, making it the ultimate weapon for atta"
Adidas,2026 Adidas Metalbone Carbon CTRL,2026,round,360,,EVA,carbon,4499,5999,1500,The Padel Market,4,PadelDeals | PadelZone | The Padel Market | Virgin Active Padel Club,intermediate,,yes,https://thepadelmarket.co.za/products/metalbone-carbon-ctrl-2026,"Adidas Metalbone Carbon Control 2026, is a padel racket designed for players seeking maximum control without sacrificing measured and effective power. Perfect for men with advanced skill levels, this racket offers a unique balance that promotes a tactical and precise playing style, ideal for dominating each point from defense and strategic attack. The combination of advanced technology and premium"
Adidas,2026 Adidas Metalbone CTRL,2026,round,360,medium,soft EVA,carbon,5999,7999,2000,The Padel Market,4,PadelDeals | PadelZone | The Padel Market | Virgin Active Padel Club,advanced,,yes,https://thepadelmarket.co.za/products/metalbone-ctrl-2026,"The Adidas Metalbone Control 2026 is a padel racket designed for players seeking a perfect balance between power and control. Its round shape and centered sweet spot make it the ideal option for those who dominate the game with technique and anticipation, without giving up the characteristic strength of the Metalbone family. Perfect for athletes who value the precision and soft touch provided by i"
Adidas,2026 Adidas Metalbone PRO EDT - Limited Edition | Ale Galan,2026,,,,,,8995,8995,0,PadelDeals,1,PadelDeals,advanced,,yes,https://padeldeals.co.za/products/2026-adidas-metalbone-pro-edt-limited-edition-ale-galan,
Adidas,2026 Adidas Metalbone Team,2026,diamond,,high,EVA,carbon,4495,4499,4,PadelDeals,4,PadelDeals | PadelGear | PadelZone | Virgin Active Padel Club,improver,,yes,https://padeldeals.co.za/products/2026-metalbone-team,"Introducing the Adidas Metalbone Team 2026, part of the new 2026 Adidas Padel range. Built for advanced players seeking a more forgiving feel, it delivers the aggressive attacking shape of the Metalbone family combined with highly comfortable handling and effortless ball exit. Key features: Diamond Oversize shape: High balance point for superior leverage on smashes and aggressive volleys. Fibergla"
Adidas,2026 Adidas RX Series,2026,round,,,EVA,,2995,2999,4,PadelDeals,2,PadelDeals | Virgin Active Padel Club,improver,,yes,https://padeldeals.co.za/products/2026-adidas-rx-series,"Take your first steps in padel with confidence and maximum comfort. The adidas RX series padel racket is the perfect ally for learning, making every shot feel easy. Its round shape gives you the immediate control you need, allowing you to focus on technique without worrying about mistakes. Enjoy an incredibly soft feel upon impact and power output that drives the ball for you, thanks to Fiber Glas"
Adidas,2x 2024 Adidas RX Series Light,2024,,,,,,3495,3495,0,PadelDeals,1,PadelDeals,improver,,yes,https://padeldeals.co.za/products/2x-2024-adidas-rx-series-light,
Adidas,2x 2025 Adidas Drive Black 3.4,2025,,,,,,2795,2795,0,PadelDeals,1,PadelDeals,improver,,yes,https://padeldeals.co.za/products/2x-2025-adidas-drive-black-3-4,
Adidas,2x 2025 Adidas Drive Grey 3.4,2025,,,,,,2795,2795,0,PadelDeals,1,PadelDeals,improver,,yes,https://padeldeals.co.za/products/2x-2025-adidas-drive-grey-3-4,
Adidas,2x 2025 Adidas Match Black 3.4,2025,,,,,,2995,2995,0,PadelDeals,1,PadelDeals,improver,,yes,https://padeldeals.co.za/products/2x-2025-adidas-match-black-3-4,
Adidas,2x 2025 Adidas Match Blue 3.4,2025,,,,,,2795,2795,0,PadelDeals,1,PadelDeals,improver,,yes,https://padeldeals.co.za/products/2x-2025-adidas-match-blue-3-4,
Adidas,2x 2025 Adidas Metalbone Carbon 3.4,2025,,,,,carbon,7695,7695,0,PadelDeals,1,PadelDeals,advanced,,yes,https://padeldeals.co.za/products/2x-2025-adidas-metalbone-carbon-3-4,
Adidas,2x 2025 Adidas Metalbone Carbon CTRL 3.4,2025,,,,,carbon,7695,7695,0,PadelDeals,1,PadelDeals,advanced,,yes,https://padeldeals.co.za/products/2x-2025-adidas-metalbone-carbon-ctrl-3-4,
Adidas,2x 2025 Adidas Metalbone Team 3.4,2025,,,,,,5795,5795,0,PadelDeals,1,PadelDeals,intermediate,,yes,https://padeldeals.co.za/products/2x-2025-adidas-metalbone-team-3-4,
Adidas,2x Adidas Drive Light 3.4,,,,,,,2995,2995,0,PadelDeals,1,PadelDeals,improver,,yes,https://padeldeals.co.za/products/2x-adidas-drive-light-3-4,
Adidas,Adidas Adipower Carbon Control 3.4 Padel Racket,,round,,,EVA,18K carbon,3299,3299,0,PadelZone,1,PadelZone,improver,,yes,https://padelzone.co.za/products/adidas-adipower-carbon-control-3-4-padel-racket,"Offerring the perfect balance between control and Adipower, the Carbon Control 3.4 is a high-performance Padel Racket designed for the most demanding players. As the name suggests when it comes to control this racket is unmatched as it has been built with an 18k carbon fiber face together with the Adidas soft performance EVA core, giving the racket its durability, feel and control. All for Padel, "
Adidas,adidas Adipower Carbon CTRL,,,,,,18K carbon,4199,4199,0,Virgin Active Padel Club,1,Virgin Active Padel Club,improver,,yes,https://virginactivepadelclub.co.za/products/adidas-adipower-carbon-ctrl,"The Adipower Carbon CTRL is a model that harnesses all Adipower technologies to enhance control. The Spin Blade Mold and Smart Holes Curve technologies provide an unparalleled feel for spin shots. The carbon reinforcements in the Dual Exoskeleton and the Power Embossed Ridge in key areas of the racquet enhance rigidity, ensuring performance in powerful strikes. The 18K carbon fibre guarantees clea"
Adidas,adidas Adipower Carbon Light,,,,,,carbon,4199,4199,0,Virgin Active Padel Club,1,Virgin Active Padel Club,improver,,yes,https://virginactivepadelclub.co.za/products/adidas-adipower-carbon-light,"The Adipower Carbon Light is a racquet that combines the best technologies with a more agile grip, thanks to its lightweight design. The Dual Exoskeleton, featuring carbon reinforcements, and the Power Embossed Ridge in the frame enhance its rigidity for improved aggressive play. Additionally, the arrangement of the Smart Holes Curve and the 3D Spin Blade Mold texture provide optimal spin on all s"
Adidas,Adidas Adipower Carbon Light 3.4 | 2025,2025,round,,,soft EVA,3K carbon,3799,3799,0,World of Padel,1,World of Padel,improver,,yes,https://worldofpadel.co.za/product/adidas-adipower-carbon-light-3-4-2025/,"Adidas Adipower Carbon Light 3.4 | 2025 The Adipower Carbon Light boasts a lightweight Round-shaped design that utilises cutting-edge technologies to enhance your game. With the Dual Exoskeleton and Power Embossed Ridge providing supreme rigidity through the use of carbon ribs in the core and frame, every shot packs a powerful punch. This racket also features two standout features: the 3D Spin Bla"
Adidas,Adidas Adipower Ctrl 3.3,,,360,,soft EVA,3K carbon,2899,2999,100,World of Padel,3,Africa Padel | Virgin Active Padel Club | World of Padel,improver,,yes,https://worldofpadel.co.za/product/adidas-adipower-ctrl-3-3/,"Adidas Adipower Ctrl 3.3 Unlock precision and control with the Adipower CTRL 3.3 Padel Racket , a pro-level racket that strikes the perfect balance between flexibility and rigidity . Designed for advanced players, this racket offers unmatched handling and skillful precision, helping you take your game to the next level. The Dual Exoskeleton enhances the rigidity of the racket’s core, while the Pow"
Adidas,adidas Adipower CTRL Multiweight  PRO EDT 2025,2025,round,,,EVA,18K carbon,8074,8074,0,Virgin Active Padel Club,1,Virgin Active Padel Club,advanced,,yes,https://virginactivepadelclub.co.za/products/adidas-adipower-ctrl-multiweight-pro-edt-2025,"The Adidas Adipower CTRL MTW Pro Edt 2025 doesn’t need to raise its voice: it imposes with elegance. It’s a reflection of those who play in silence but leave a lasting impact with every shot. Its round shape, with weight centered near the grip, provides superior control in defense. The combination of 18K carbo n and EVA High Memory rubber offers the perfect balance of firmness and sensitivity—idea"
Adidas,adidas Adipower CTRL Multiweight 3.3,,,,,EVA,18K carbon,4249,4725,476,Virgin Active Padel Club,2,Africa Padel | Virgin Active Padel Club,improver,,yes,https://virginactivepadelclub.co.za/products/adidas-adipower-ctrl-multiweight-3-3,"The Adipower Multiweight CTRL 3.3 marks a milestone in padel with its innovative technology designed for decisive players like Álex Ruiz. It incorporates the Weight & Balance System, allowing you to adjust the weight and balance to adapt to a control or attack style. The Dual Exoskeleton technology provides a double insertion of carbon ribs in the heart, while the Power Embossed Ridge reinforces t"
Adidas,adidas Adipower CTRL Multiweight 3.4,,round,,,EVA,carbon,5849,5949,100,World of Padel,2,Virgin Active Padel Club | World of Padel,intermediate,,yes,https://worldofpadel.co.za/product/adidas-adipower-multiweight-ctrl-3-4-padel-racket/,"The Adipower CTRL Multiweight is Álex Ruiz's racquet, meticulously designed to achieve perfection in every detail. The Weight & Balance System allows for customisation of weight and balance according to the demands of each match. The Dual Exoskeleton structure, the carbon Power Embossed Ridge in the frame, and its materials ensure the necessary rigidity to excel in aggressive play. Spin shots reac"
Adidas,adidas Adipower Junior 3.3,,,,,soft EVA,carbon,999,999,0,Virgin Active Padel Club,1,Virgin Active Padel Club,beginner,,yes,https://virginactivepadelclub.co.za/products/adidas-adipower-junior-3-3,"Start to experience what it means to win with the Adipower Junior! This racket is designed to be the perfect extension of the arms of girls and boys who want to grow on the padel court. The Exoskeleton technology reinforces the heart of the racket with carbon fiber, improving durability and increasing rigidity for more powerful shots. Its composition of Eva Soft Performance and Fiber Glass provide"
Adidas,Adidas Adipower Junior 3.4,,round,,,soft EVA,carbon,1399,1799,400,Virgin Active Padel Club,3,PadelZone | Virgin Active Padel Club | World of Padel,beginner,,yes,https://virginactivepadelclub.co.za/products/adidas-adipower-junior-3-4,"The Adipower Junior 3.4 is brought to you by Adidas specifically for our young Padel enthusiasts. Designed to be lightweight and extremely maneuverable while having ample power for those ling shots from the back of the court. This all means our juniors can have the right Padel Racket designed for them to have maximum enjoyment during their game. All for Padel, the official licensed Adidas Padel Te"
Adidas,Adidas Adipower Legend 2024 Padel Racket – Limited Edition,2024,diamond,370,high,EVA,carbon,3699,3699,0,The Padel Market,1,The Padel Market,improver,,yes,https://thepadelmarket.co.za/products/adidas-padel-racket-adipower-legend-limited-edition-2024,Adidas Adipower Legend 2024 - Limited Edition. diamond power racket from The Padel Market. The Padel Market Playing Profile Diamond · Power · Advanced Power Very high Control Low Comfort Low Manoeuvrability Medium Shape Diamond Weight 370g Face Carbon Fibre Core EVA High Balance High Level Advanced Description The Adidas Adipower Legend 2024 is a diamond-shaped power racket from the iconic Adidas 
Adidas,adidas Adipower Legend 3.3,,diamond,,,soft EVA,3K carbon,3449,3449,0,Virgin Active Padel Club,1,Virgin Active Padel Club,improver,,no,https://virginactivepadelclub.co.za/products/adidas-adipower-legend-3-3,ADIPOWER LEGEND With experience comes knowledge. And that degree of knowledge is why the new Adipower Legend by Seba Nerone has enabled us to provide you with a racket that has everything you need to achieve excellence on the court. It features everything that has made our legend one of the best players ever. Maximum power is guaranteed by the Power Embossed Ridge and Dual Exoskeleton technologies
Adidas,adidas Adipower LEGEND Ltd 2023,2023,,,,,carbon,5949,5949,0,Virgin Active Padel Club,1,Virgin Active Padel Club,intermediate,,yes,https://virginactivepadelclub.co.za/products/adipower-legend-ltd-2023,The Adipower Legend is as a unique racket as the player to which it pays homage. Seba Nerone is synonymous with talent and tenacity and his exclusive racket is made to accompany the most talented and persevering padel players. The spectacular design of this racket responds to the exquisite features that it is composed of. This legendary padel racket incorporates the best technologies that allow yo
Adidas,adidas Adipower MASTER Ltd 2023,2023,,,,,,7224,7224,0,Virgin Active Padel Club,1,Virgin Active Padel Club,advanced,,yes,https://virginactivepadelclub.co.za/products/adipower-master-ltd-2023,"The Adipower Master is a unique racket, a limited-edition one designed to bring out the best aspects of one of the best players in the world like Martita Ortega. This unique racket features a sleek and eye-catching design in equal measure. Its resplendent appearance is the facade of a product made to dominate on court. The Adipower Master is a special limited-edition product for Martita Ortega. It"
Adidas,adidas Adipower Multiweight 3.3,2024,diamond,365,,EVA,carbon,3299,4249,950,The Padel Market,2,The Padel Market | Virgin Active Padel Club,improver,,yes,https://thepadelmarket.co.za/products/adidas-adipower-multiweight-3-3-2024,Innovation continues to serve talent in the second generation of the Adipower Multiweight. This racket is designed with the needs of the best padel players in mind. The Weight & Balance System technology allows you to adapt the racket to conditions of control or attack by modifying the weights and balance. The Carbon 18K surface and Eva High Memory on the inside are an ideal combination to find th
Adidas,Adidas Adipower Multiweight Control 3.3 2024 Padel Racket,2024,diamond,360,,EVA,carbon,3299,3299,0,The Padel Market,1,The Padel Market,improver,,yes,https://thepadelmarket.co.za/products/adidas-adipower-multiweight-control-3-3-2024,Engineered for Control. Built for Winners. The Padel Market Playing Profile Diamond · Control · Advanced Power Medium Control Very high Comfort High Manoeuvrability High Shape Diamond Weight 355‑360g() Balance Medium Level Advanced Description The Adidas Adipower Multiweight Control 3.3 2024 is a control-oriented racket from the Adidas Adipower line built for advanced players. It keeps the Adipowe
Adidas,adidas Adipower Multiweight CTRL,,round,,,EVA,15K carbon,4799,4799,0,Virgin Active Padel Club,1,Virgin Active Padel Club,intermediate,,yes,https://virginactivepadelclub.co.za/products/adipower-multiweight-ctrl,"The ADIPOWER MULTIWEIGHT CTRL is the evolution of the Adipower range. The update of this model allows you to completely customize your racket, thanks to the WEIGHT & BALANCE SYSTEM technology . The combination of the 15K CARBON surface surface added to the the EVA High Performance memory rubber will give you tremendous power in all your shots. The SPIN BLADE technology provides great spin on every"
Adidas,"Adidas Ari Sánchez Arrow Hit Pro EDT 2026 – Customizable Power, Elite Precision",2026,diamond,360,,soft EVA,carbon,8499,8499,0,World of Padel,1,World of Padel,advanced,,yes,https://worldofpadel.co.za/product/adidas-ari-sanchez-arrow-hit-pro-edt-2026-customizable-power-elite-precision/,"Unleash your inner champion with the Adidas Ari Sánchez Arrow Hit Pro EDT 2026—a high-performance, special-edition racket built for advanced players craving explosive power, pinpoint precision, and tailor-made control. Crafted around a dynamic diamond-shaped frame and infused with cutting-edge technologies, this racket transforms every swing into a statement of dominance. The ASC Signature Carbon "
Adidas,adidas Arrow Hit,2026,diamond,375,high,EVA,carbon,5999,8499,2500,The Padel Market,3,PadelGear | The Padel Market | Virgin Active Padel Club,intermediate,,yes,https://thepadelmarket.co.za/products/arrow-hit-2026,"Choose how to control the game with the adidas Arrow Hit 2026. The Intelligent Balance System lets you adjust the racket’s weight and balance to suit your style and strategy, easily modifying the lateral weights during play. Its Diamond shape, combined with a reinforced frame, delivers rapid acceleration and amplified power on offensive shots, allowing you to hit precise, sharp attacks that keep y"
Adidas,Adidas Arrow HIT Attack 2026 Padel Racket,2026,diamond,,,EVA,carbon,7999,7999,0,PadelZone,1,PadelZone,advanced,,yes,https://padelzone.co.za/products/adidas-arrow-hit-attk-2026-padel-racket,"The latest addition to the Adidas family is the all new Arrow HIT Attack 2026, the ultimate power weapon for aggressive attacking play. Featuring a balanced diamond shape and revolutionary Intelligent Balance System, this intensive Padel Racket combines the ASC signature interwoven carbon face with a Soft Performance EVA for devastating power in attack shots, making it perfect for advanced Padel p"
Adidas,adidas Arrow Hit Carbon,2026,diamond,,,EVA,carbon,5995,5999,4,PadelDeals,2,PadelDeals | Virgin Active Padel Club,intermediate,,yes,https://padeldeals.co.za/products/2026-adidas-arrow-hit-carbon,"Play with confidence in every situation with the adidas Arrow Hit Carbon 2026. Its carbon construction combines Muscle Power System, Structural Reinforcement, and Power Groove to deliver firmness, torsion resistance, and a responsive feel that enhances powerful, precise shots. The ASC Carbon Fiber surface provides defined feedback and control during high-intensity moments, while Soft Performance E"
Adidas,Adidas Arrow HIT Carbon Attack 2026 Padel Racket,2026,diamond,,,EVA,3K carbon,4299,4299,0,PadelZone,1,PadelZone,improver,,yes,https://padelzone.co.za/products/adidas-arrow-hit-carbon-attk-2026-padel-racket,"As part of the brand new Adidas Arrow HIT range, the Carbon Attack 2026is a premium carbon power weapon for devastating attacking play. Featuring a diamond shape and 3k carbon fibre construction, this intensive Padel Racket combines ASC interwoven carbon face with Soft Performance EVA for maximum power in attack shots, making it perfect for Padel players seeking uncompromising aggression. Arrow re"
Adidas,adidas Arrow Hit Carbon CTRL,2026,round,360,,EVA,carbon,4299,5999,1700,PadelZone,4,PadelDeals | PadelZone | The Padel Market | Virgin Active Padel Club,intermediate,,yes,https://padelzone.co.za/products/adidas-arrow-hit-carbon-ctrl-2026-padel-racket,"Every shot with purpose. The adidas Arrow Hit Carbon CTRL 2026 racket brings extra stability to your control-focused game, delivering the accuracy you need to dictate the rally with confidence. Its reinforced structure and ASC Carbon Fiber surface produce a firm, reactive feel that keeps your trajectory clean and fully under control. Spin Blade Decal adds precision to sliced, lifted and angled sho"
Adidas,Adidas Arrow HIT Carbon Hexagon Cup,,diamond,,,EVA,carbon,4999,4999,0,PadelZone,1,PadelZone,intermediate,,yes,https://padelzone.co.za/products/adidas-arrow-hit-carbon-hexagon-cup-padel-racket,"Introducing the all new Adidas Arrow HIT Hexagon Cup, designed for advanced players seeking optimised stability and explosive potential. Featuring a diamond shape with head-heavy balance and revolutionary ASC Carbon Fibre face, this powerful Padel Racket combines Soft Performance EVA core with Muscle Power System and Structural Reinforcement for professional-level attacking play with firmness, tor"
Adidas,adidas Arrow Hit CTRL,2026,round,360,,EVA,carbon,4999,8499,3500,The Padel Market,4,PadelDeals | PadelZone | The Padel Market | Virgin Active Padel Club,advanced,,yes,https://thepadelmarket.co.za/products/arrow-hit-ctrl-2026,"Confidence comes from control with the adidas Arrow Hit CTRL 2026. The Intelligent Balance System lets you instantly adjust weight and balance, tailoring the racket to your pace and strategy for precise play on every point. Its reinforced structure, combining ASC Carbon Fiber, Structural Reinforcement, and Muscle Power System, delivers a stable and responsive feel, increasing torsion resistance an"
Adidas,adidas Arrow Hit Hexagon Cup Padel Racket,,diamond,,,EVA,carbon,6499,6499,0,Virgin Active Padel Club,1,Virgin Active Padel Club,intermediate,,yes,https://virginactivepadelclub.co.za/products/adidas-arrow-hit-hexagon-cup-padel-racket,"Play with confidence in every situation with the adidas Arrow Hit Hexagon Cup. Its carbon construction combines Muscle Power System, Structural Reinforcement, and Power Groove to deliver firmness, torsion resistance, and a responsive feel that enhances powerful, precise shots. The ASC Carbon Fiber surface provides defined feedback and control during high-intensity moments, while Soft Performance E"
Adidas,adidas Arrow Hit Junior - Blue,2026,round,,,EVA,fibreglass,1799,1999,200,PadelZone,2,PadelZone | Virgin Active Padel Club,beginner,,yes,https://padelzone.co.za/products/adidas-arrow-hit-junior-2026-padel-racket,"Young players need a racket that combines learning and performance, and the adidas Arrow Hit Junior 2026 delivers both. Its lightweight design allows quick movements and fluid strokes, while the Soft Performance EVA core provides comfort and control on every shot. The Exoskeleton structure, together with Structural Reinforcement, increases stiffness and torsion resistance, ensuring stability and p"
Adidas,adidas Arrow Hit Junior - Pink,2026,round,,,EVA,fibreglass,1799,1999,200,PadelZone,2,PadelZone | Virgin Active Padel Club,beginner,,yes,https://padelzone.co.za/products/adidas-arrow-hit-junior-2026-padel-racket-pink,"Young players need a racket that combines learning and performance, and the adidas Arrow Hit Junior 2026 delivers both. Its lightweight design allows quick movements and fluid strokes, while the Soft Performance EVA core provides comfort and control on every shot. The Exoskeleton structure, together with Structural Reinforcement, increases stiffness and torsion resistance, ensuring stability and p"
Adidas,adidas Arrow HIT Light,,diamond,,,EVA,,6499,6499,0,Virgin Active Padel Club,1,Virgin Active Padel Club,intermediate,,yes,https://virginactivepadelclub.co.za/products/adidas-arrow-hit-light,"Choose how you want to dominate the game with the adidas Arrow Hit Light Ari Sánchez. Its Diamond shape, combined with a reinforced structure, provides rapid acceleration and amplified power on offensive shots, allowing you to execute crisp, precise attacks that put pressure on your opponent at every point. The 3D Spin Blade enhances accuracy on topspin and backspin shots, whilst the Extra Power G"
Adidas,Adidas Arrow HIT Pro Edition | 2026,2026,diamond,,,foam,carbon,8995,8995,0,PadelGear,1,PadelGear,advanced,,yes,https://www.padelgear.co.za/products/adidas-arrow-hit-padel-racket-2026-copy,"Strike with lethal precision and explosive speed. The Adidas Arrow HIT 2026 Pro Edition is engineered for advanced, aggressive players who want to completely dominate the net. Designed for lightning-fast maneuverability without sacrificing attacking weight, this racket allows you to hit through the ball with devastating power and pinpoint accuracy. Built with premium carbon materials and top-tier "
Adidas,Adidas Arrow Hit Pro EDT 2026 Padel Racket – Limited Edition,2026,diamond,345,,soft EVA,carbon,8499,8499,0,The Padel Market,1,The Padel Market,advanced,,yes,https://thepadelmarket.co.za/products/adidas-arrow-hit-pro-edt-2026-padel-racket-limited-edition,Adidas Arrow Hit Pro EDT 2026 - Limited Edition. diamond power racket from The Padel Market. The Padel Market Playing Profile Diamond · Power · Advanced Power Very high Control Low Comfort Low Manoeuvrability Medium Shape Diamond Weight 345-360g Face ASC Signature Core EVA Soft Balance High Level Advanced Description The Adidas Arrow Hit Pro EDT 2026 is a diamond-shaped power racket from Adidas' A
Adidas,Adidas Arrow HIT PRO-EDT 2026 - Ari Sanchez,2026,round,,,soft EVA,carbon,9299,9499,200,Virgin Active Padel Club,2,PadelZone | Virgin Active Padel Club,advanced,,yes,https://virginactivepadelclub.co.za/products/adidas-arrow-hit-pro-edt-2026-ari-sanchez,"The Adidas Arrow HIT PRO-EDT 2026 Padel Racket is a limited-edition control racket inspired by Ari Sánchez and built for players who want precision without losing attacking intent. Its diamond format, centred sweet spot and even balance give competitive players a stable platform for shaping points with confidence. Adidas introduces the Arrow HIT family as a fresh performance line alongside Metalbo"
Adidas,Adidas Cross IT 3.4,2025,diamond,345,high,soft EVA,15K carbon,3599,5249,1650,World of Padel,3,PadelDeals | Virgin Active Padel Club | World of Padel,improver,,yes,https://worldofpadel.co.za/product/adidas-cross-it-3-4/,"The 2025 Adidas Cross It 3.4 returns as a top choice for players seeking the perfect balance of power, control, and maneuverability. Built with 15K aluminized carbon for exceptional stiffness and durability, and a high-density EVA rubber core for a precise and powerful ball output, this racket ensures elite-level performance. Featuring Dynamic Air Flow technology for improved aerodynamics and a Sp"
Adidas,adidas Cross It Carbon - Maxi Arce,,diamond,360,,soft EVA,carbon,5099,5499,400,Virgin Active Padel Club,2,PadelZone | Virgin Active Padel Club,intermediate,,yes,https://virginactivepadelclub.co.za/products/adidas-cross-it-carbon-maxi-arce,"The Cross It Carbon is one of the great new additions to the adidas collection for 2025, developed together with Maxi Arce for those who prioritise control without sacrificing power. It incorporates technologies such as Dynamic Air Flow, which improves swing speed, Power Extra Grip for a more powerful swing, and 11 Thirteen for greater stiffness and durability. The Spin Blade Mould texture optimis"
Adidas,Adidas Cross It Carbon Control,,round,360,,EVA,carbon,4495,4495,0,World of Padel,1,World of Padel,improver,,yes,https://worldofpadel.co.za/product/adidas-cross-it-carbon-control/,"Adidas Cross It Carbon Control Make your mark with the all new, futuristic Cross IT Carbon Control Padel Racket. A majot innovation by Adidas this season and meticulously designed for players prioritising control. Made with a 6k carbon fiber face and soft performance EVA core this Padel Racket provides a unique performance. All for Padel, the official manufacturers for Adidas Padel, have become kn"
Adidas,adidas Cross IT Carbon CTRL,2026,round,,,soft EVA,carbon,4199,5999,1800,Virgin Active Padel Club,3,PadelDeals | PadelZone | Virgin Active Padel Club,intermediate,,yes,https://virginactivepadelclub.co.za/products/adidas-cross-it-carbon-ctrl,"The Cross It Carbon CTRL is one of adidas's major innovations for 2025. This new model brings together the best features of the Cross It range in a unique design. With a focus on control, it incorporates the most prestigious technologies, including Dynamic Air Flow, Power Extra Grip, and the 11 Thirteen hole arrangement. Made from 6K carbon fibre and EVA Soft Performance foam, it offers perfect ba"
Adidas,Adidas Cross It Control 3.4,2025,round,360,,EVA,carbon,4495,4895,400,PadelDeals,2,PadelDeals | World of Padel,improver,,yes,https://padeldeals.co.za/products/2025-adidas-cross-it-control-3-4,"Designed for precision and control, the Adidas Cross IT CTRL 3.4 features cutting-edge technology to elevate your game. The Dynamic Air Flow system enhances aerodynamics, while the Power Extra Grip handle provides extended leverage for improved shot execution. Its unique 11 Thirteen hole pattern optimizes power distribution, and the Spin Blade Mold 3D texture ensures exceptional spin on every shot"
Adidas,Adidas Cross It Ctrl,2026,round,,,EVA,15K carbon,3225,7499,4274,Africa Padel,4,Africa Padel | PadelDeals | PadelZone | Virgin Active Padel Club,advanced,,yes,https://africapadelshop.com/products/adidas-cross-it-ctrl-2024,"Control reaches new dimensions with the new Adidas Cross It Control. This racket is meticulously designed to optimizes airflow, minimising resistance during shots, and elevating overall performance on the court. The surface of the racket is made of Carbon Aluminised Fibre 15K which features braided Carbon Fibre filaments that provide more flexibility and rigidity. With its High density EVA rubber,"
Adidas,adidas Cross IT CTRL 3.4,,,,,,,5249,5249,0,Virgin Active Padel Club,1,Virgin Active Padel Club,intermediate,,yes,https://virginactivepadelclub.co.za/products/adidas-cross-it-ctrl-3-4,"The Cross It CTRL 3.4 utilises all the technologies from this renowned adidas range to enhance control. The aerodynamic improvement from Dynamic Air Flow, the extended Power Extra Grip handle, and the 11 Thirteen hole arrangement make this racquet truly unique. Additionally, the Spin Blade Mold, a 3D texture on the racquet’s surface, ensures optimal spin shots."
Adidas,Adidas Cross It Light 3.3 Padel Racket – Martita Ortega Edition,,round,355,,soft EVA,carbon,3699,3699,0,The Padel Market,1,The Padel Market,improver,,no,https://thepadelmarket.co.za/products/adidas-cross-it-light-3-3-marta-ortega-edition,Adidas Cross It Light 3.3 - Martita Ortega Edition. lightweight control racket from The Padel Market. The Padel Market Playing Profile Round · Control · Intermediate Power Low Control Very high Comfort Very high Manoeuvrability Very high Shape Round Weight 355g(Lightweight) Face Carbon Aluminised Core EVA Soft Balance Low Level Intermediate Description The Adidas Cross It Light 3.3 is a lightweigh
Adidas,Adidas Cross It Light 3.4,,round,345,,EVA,carbon,3999,4549,550,PadelZone,3,PadelZone | Virgin Active Padel Club | World of Padel,improver,,yes,https://padelzone.co.za/products/adidas-cross-it-light-3-4-padel-racket,"Produced by Adidas for Marta Ortega, the Cross IT Light 3.4 combines lightweight agility with cutting-edge technology, giving you the ultimate in versatility. Made with an impressive 24k aluminised carbon face and a soft energy core, this Padel Racket has that added power needed during your toughest games. All for Padel, the official manufacturers for Adidas Padel, have become known for producing "
Adidas,Adidas Cross It Light Pro EDT 2026 Padel Racket – Limited Edition,2026,round,345,,soft EVA,carbon,6499,6499,0,The Padel Market,1,The Padel Market,intermediate,,yes,https://thepadelmarket.co.za/products/adidas-cross-it-light-pro-edt-2026-padel-racket-limited-edition,Adidas Cross It Light Pro EDT 2026 - Limited Edition. lightweight control racket from The Padel Market. The Padel Market Playing Profile Round · Control · Advanced Power Medium Control Very high Comfort Very high Manoeuvrability Very high Shape Round Weight 345-360g Face Carbon Aluminized Core EVA Soft Balance Medium Level Advanced Description The Adidas Cross It Light Pro EDT 2026 is a lightweigh
Adidas,Adidas Cross IT Light PRO-EDT 2026 &#8211; Marta Ortega,2026,round,345,medium,soft EVA,carbon,6499,6499,0,World of Padel,1,World of Padel,intermediate,,yes,https://worldofpadel.co.za/product/adidas-cross-it-light-pro-edt-2026-marta-ortega/,"Discover the power, precision and poise of the Adidas Cross IT Light PRO-EDT 2026 Marta Ortega edition—an exclusive padel racket engineered for players who demand speed, control and a signature touch. Inspired by world-class star Marta Ortega, this limited-edition model fuses cutting-edge technology with a sleek blue design that commands attention on and off the court. At just 345–360 grams and fe"
Adidas,Adidas Cross IT Light PRO-EDT 2026 - Marta Ortega,2026,round,,medium,soft EVA,carbon,7499,7499,0,PadelZone,1,PadelZone,advanced,,yes,https://padelzone.co.za/products/adidas-cross-it-light-pro-edt-2026-padel-racket,"The Adidas Cross IT Light PRO-EDT 2026 Padel Racket is a limited-edition control racket built for players who want Marta Ortega-inspired speed, precision and confidence. Its round shape, medium balance and light 345-360 gram range make it fast through the air while still giving advanced players enough punch to finish points. Adidas has shaped modern Padel with rackets that blend elite-player feedb"
Adidas,adidas Cross IT PRO EDT 2025,2025,round,,,soft EVA,carbon,6629,6629,0,Virgin Active Padel Club,1,Virgin Active Padel Club,advanced,,yes,https://virginactivepadelclub.co.za/products/adidas-cross-it-pro-edt-2025,"The Cross It Pro Edt 2025 is a high-performance racket created for those who chase perfection in every point. Designed for demanding players, it integrates all the innovative Cross It technologies, delivering a unique edge in every aspect of the game. With Spin Blade Mold, you can apply spin with professional precision, while the 24K Aluminized Carbon and EVA Soft Energy provide exceptional rigidi"
Adidas,adidas Cross IT PRO EDT 2026 - Martita Ortega,2026,round,,,foam,carbon,7495,7499,4,PadelGear,2,PadelGear | Virgin Active Padel Club,advanced,,yes,https://www.padelgear.co.za/products/adidas-cross-it-pro-edt-martita-ortega,"The adidas Cross It Pro EDT 2026 by Martita Ortega padel racket is a limited edition created for players who value fluid movement and control in every rally. Its round shape, centered sweet spot, and even balance support a smooth and consistent playing style, allowing quick movement and precise shot execution throughout the match. It’s ideal for players who focus on rhythm, placement, and confiden"
Adidas,adidas Cross IT Team,,diamond,,,,,2939,2939,0,Virgin Active Padel Club,1,Virgin Active Padel Club,improver,,yes,https://virginactivepadelclub.co.za/products/adidas-cross-it-team,"The Cross It Team is one of the two innovative models in the Cross It range. This racquet is designed for high-level players, featuring all the Cross It technologies and made from premium materials. The aerodynamic enhancement of Dynamic Air Flow improves handling, while the Power Extra Grip and 11 Thirteen hole arrangement increase power. Its diamond shape complements aggressive play, resulting i"
Adidas,Adidas Cross It Team 3.4,,,,,EVA,fibreglass,3695,3695,0,World of Padel,1,World of Padel,improver,,no,https://worldofpadel.co.za/product/adidas-cross-it-team-3-4/,"Adidas Cross It Team 3.4 The Cross It Team 3.4 has been developed by Adidas for the dedicated player looking for unmatched control and feel on the court. Featuring the dynamic air flow technology, this Padel Racket is unique in its performance and appearance. All for Padel, the official manufacturers for Adidas Padel, have become known for producing high-performance products with elegant designs f"
Adidas,adidas Cross IT Team Light,2026,round,345,low,EVA,fibreglass,2939,3999,1060,Virgin Active Padel Club,3,PadelZone | Virgin Active Padel Club | World of Padel,improver,,yes,https://virginactivepadelclub.co.za/products/adidas-cross-it-team-light,"2026 Adidas Cross IT Team Light The Adidas Cross It Team Light 2026 is a lightweight control-focused padel racket designed for intermediate players seeking comfort, precision, and easy maneuverability on the court. Engineered with a round shape and low balance, this racket offers excellent control and stability, making it ideal for players who prioritize accurate shot placement and consistent perf"
Adidas,Adidas Cross It Team Light 3.4,2025,round,340,,EVA,carbon,2800,2995,195,World of Padel,2,PadelDeals | World of Padel,improver,,yes,https://worldofpadel.co.za/product/adidas-cross-it-team-light-3-4/,"Adidas Cross It Team Light 3.4 The Adidas Cross It Team Light 3.4 is a standout from the 2025 collection , designed for players who prioritize lightness without compromising performance . Featuring the latest Cross It technology , this racquet offers a perfect blend of power, control, and maneuverability . With its reduced weight , it allows for faster reaction times and effortless handling , maki"
Adidas,Adidas CrossIt Control Padel Racket | 2026,2026,round,,,EVA,15K carbon,7995,7995,0,PadelGear,1,PadelGear,advanced,,yes,https://www.padelgear.co.za/products/adidas-crossit-control-padel-racket-2026,"Bring elite precision and a sharp aesthetic to the court with the Adidas Cross It CTRL Padel Racket. Crafted specifically for the rigorous demands of modern padel, this 2026 model offers a perfect balance of exceptional stability, precise touch, and quick response. ​Whether you are dictating the pace of the rally from the baseline or defending low off the glass, the Cross It CTRL is engineered to "
Adidas,Adidas CrossIt Team Control Padel Racket | 2026,2026,round,345,,EVA,fibreglass,3995,3995,0,PadelGear,1,PadelGear,improver,,yes,https://www.padelgear.co.za/products/adidas-crossit-team-light-control-padel-racket-2026,"Bring elite control and a sharp aesthetic to the court with the Adidas Cross It Team Light 2026 Padel Racket. Crafted specifically for the rigorous demands of modern padel, this lightweight 2026 model offers a perfect balance of accessible precision, high maneuverability, and supreme comfort. ​Whether you are defending low off the glass or setting up the point with intelligent shot placement, the "
Adidas,Adidas CrossIt Team Light Padel Racket | 2026,2026,round,,,EVA,fibreglass,4495,4495,0,PadelGear,1,PadelGear,improver,,yes,https://www.padelgear.co.za/products/adidas-crossit-team-light-2026,"Made by Adidas for our ladies of Padel, the Cross IT Team Light 2026 is a the lightweight and comfortable padel racket with high levels of manuverability. Featuring a round shape with centred sweet spot and Fibreglass face, this innovative racket weighs just 345-360 grams and combines a Soft Performance EVA core with revolutionary the 11 Thirteen technology for exceptional control with improved ha"
Adidas,adidas Drive Black 3.4,2025,round,,,soft EVA,fibreglass,1395,1499,104,PadelDeals,4,PadelDeals | PadelZone | Virgin Active Padel Club | World of Padel,beginner,,yes,https://padeldeals.co.za/products/2025-adidas-drive-black-3-4,"Everything a beginner needs for a smooth and confident start in padel, perfectly combined in this racquet. The ADIDAS DRIVE BLACK 3.4 is perfect for those starting out, offering all the features beginners need to improve and gain confidence on the court. Its Structural Reinforcement enhances durability by resisting torsion, while the Smart Holes Lineal pattern strengthens the striking surface for "
Adidas,adidas Drive Grey 3.4,2025,round,,,soft EVA,fibreglass,1395,1499,104,PadelDeals,4,PadelDeals | PadelZone | Virgin Active Padel Club | World of Padel,beginner,,yes,https://padeldeals.co.za/products/2025-adidas-drive-grey-3-4,"Ideal for newcomers, this racquet combines comfort, balance, and easy handling for a smooth start in padel. The ADIDAS DRIVE GREY 3.4 is the perfect racquet for newcomers to padel, offering a smooth blend of performance and comfort. Designed for players just discovering the sport, it features a fibreglass surface and EVA Soft Performance foam for excellent ball output and a comfortable feel during"
Adidas,adidas Drive Light 3.4,2025,round,,,soft EVA,fibreglass,1399,1999,600,Virgin Active Padel Club,4,PadelDeals | PadelZone | Virgin Active Padel Club | World of Padel,beginner,,yes,https://virginactivepadelclub.co.za/products/adidas-drive-light-3-4,"A lightweight companion that combines comfort and precision for smooth shots on the court. The ADIDAS DRIVE LIGHT 3.4 is the ideal choice for beginners seeking control and comfort in every shot. Its lightweight design enhances manoeuvrability and precision, making quick movements on the court effortless while ensuring better control during defensive plays. Equipped with a fibreglass surface and lo"
Adidas,adidas Match Black 2026,2026,teardrop,,medium,EVA,fibreglass,1999,1999,0,PadelZone,2,PadelZone | Virgin Active Padel Club,beginner,,yes,https://padelzone.co.za/products/adidas-match-black-2026-padel-racket,"The Adidas Match Black 2026 is a versatile Padel racket built for players stepping onto the court for the first time or looking to refine their developing game. Part of the Adidas Discovery range for 2026, this racket pairs a forgiving teardrop shape with a medium balance point, delivering an accessible blend of control and attacking capability in every rally. Adidas has long been a force in racqu"
Adidas,Adidas Match Black/Lime 2026,2026,teardrop,,medium,EVA,fibreglass,1999,1999,0,PadelZone,2,PadelZone | Virgin Active Padel Club,beginner,,yes,https://padelzone.co.za/products/adidas-match-black-lime-2026-padel-racket,"The Adidas Match Black/Lime 2026 is a beginner-friendly Padel racket from the Adidas Discovery range, engineered to help newer players develop their skills with maximum comfort and forgiveness. Sporting a striking black and lime green colourway, this racket looks as fresh as it plays. Adidas continues to refine its entry-level Padel offering, and the Match series sits at the heart of that mission."
Adidas,adidas Match Blue 3.4,2025,round,,,soft EVA,fibreglass,1395,1499,104,PadelDeals,3,PadelDeals | PadelZone | Virgin Active Padel Club,beginner,,yes,https://padeldeals.co.za/products/2025-adidas-match-blue-3-4,"Shape your style with a design that combines powerful shots with precise control. The ADIDAS MATCH BLUE 3.4 is the ideal racquet for players who want to refine their technique while delivering outstanding performance on the court. Its all-round shape offers the versatility needed for both offensive and defensive play, making it a reliable companion for any match. Crafted with a fibreglass surface "
Adidas,Adidas Match Light 2026,2026,teardrop,,,EVA,fibreglass,1999,1999,0,PadelZone,2,PadelZone | Virgin Active Padel Club,beginner,,yes,https://padelzone.co.za/products/adidas-match-light-2026-padel-racket,"The Adidas Match Light 2026 is a lightweight Padel racket designed for women and lighter-framed players who want manoeuvrability without sacrificing ball output. Part of the Adidas Discovery range, it brings the same trusted technology found across the 2026 collection into a more accessible package. Adidas understands that comfort on court starts with a racket that moves the way you do. The Match "
Adidas,adidas Match Light 3.4,,round,,,soft EVA,fibreglass,1399,1399,0,Virgin Active Padel Club,1,Virgin Active Padel Club,beginner,,no,https://virginactivepadelclub.co.za/products/adidas-match-light-3-4,"The Match Light 3.4 is perfect for players starting out who want a balance of comfort and performance. Its lightweight design ensures easy handling and agility, making every move on the court effortless. The all-round shape offers versatility for both offensive and defensive play. With a fibreglass surface and low-density EVA Soft Performance, it delivers excellent ball output and a comfortable fe"
Adidas,Adidas Metalbone 3.3 Padel Racket,2024,diamond,360,high,soft EVA,carbon,3799,3799,0,The Padel Market,2,The Padel Market | World of Padel,improver,,yes,https://thepadelmarket.co.za/products/adidas-metalbone-3-3-2024,"Take the Court by Storm with Superior Power. The Padel Market Playing Profile Diamond · Power · Advanced Power Very high Control Low Comfort Low Manoeuvrability Medium Shape Diamond Weight 345‑360g(12g) Level Advanced Description The Adidas Metalbone 3.3 2024 is a diamond-shaped power racket from the Adidas Metalbone family, built for advanced and competitive players. It pairs a Carbon Aluminised "
Adidas,Adidas Metalbone 3.4,2025,diamond,360,,EVA,carbon,4599,6795,2196,The Padel Market,6,Africa Padel | PadelDeals | PadelZone | The Padel Market | Virgin Active Padel Club | World of Padel,intermediate,,yes,https://thepadelmarket.co.za/products/adidas-metalbone-3-4-2025,"The Adidas Metalbone 3.4 2025 is the ultimate weapon for advanced players seeking power, precision, and customisation. Featuring a diamond-shaped design and Weight & Balance System, this racket lets you fine-tune its balance for optimal performance. Crafted with aluminized 16K carbon and low-density EVA rubber, it delivers exceptional strength, control, and comfort. The Power Groove enhances struc"
Adidas,Adidas Metalbone Carbon 3.3 2024 Padel Racket,2024,diamond,360,high,soft EVA,carbon,2999,2999,0,The Padel Market,1,The Padel Market,improver,,yes,https://thepadelmarket.co.za/products/adidas-metalbone-carbon-3-3-2024,"Dominate the Court with Precision and Power. The Padel Market Playing Profile Round · Hybrid · Intermediate Power High Control Very high Comfort Very high Manoeuvrability High Shape Round Level Intermediate Description The Adidas Metalbone Carbon 3.3 2024 is a round-shaped all-round racket in the Metalbone family, offering a crisp carbon response with a balanced, versatile feel. It suits intermedi"
Adidas,adidas Metalbone Carbon 3.4,2025,round,360,,EVA,carbon,3990,4199,209,World of Padel,4,PadelDeals | PadelZone | Virgin Active Padel Club | World of Padel,improver,,yes,https://worldofpadel.co.za/product/2025-adidas-metalbone-carbon-3-4/,"Elevate your game with the 2025 Adidas Metalbone Carbon 3.4 , crafted for elite players who demand unparalleled performance. Featuring an Octagonal Structure internal tubular frame , this racket delivers unmatched power and stability. The Power Extra Grip handle enhances striking inertia, while the low-polyhedron frame and core design optimize energy transfer. Add precision to your shots with the "
Adidas,Adidas Metalbone Carbon Control 3.4,2025,round,360,,soft EVA,carbon,3995,3995,0,PadelDeals,2,PadelDeals | World of Padel,improver,,yes,https://padeldeals.co.za/products/2025-adidas-metalbone-carbon-ctrl-3-4,"The 2025 Adidas Metalbone Carbon CTRL 3.4 is a top-tier padel racket designed for elite players seeking ultimate control. Its round shape, paired with advanced features like the Octagonal Structure, Power Extra Grip handle, and low-polyhedron design in the core and frame, provides an exceptional balance of precision and power. Crafted with premium materials, this racket offers superior performance"
Adidas,Adidas Metalbone Carbon CTRL 3.3 2024 Padel Racket,2024,round,360,,soft EVA,carbon,2999,2999,0,The Padel Market,1,The Padel Market,improver,,yes,https://thepadelmarket.co.za/products/adidas-metalbone-carbon-ctrl-3-3-2024,Precision in Every Rally. Elevate Your Control Game. The Padel Market Playing Profile Round · Control · Intermediate Power Low Control Very high Comfort Very high Manoeuvrability Very high Shape Round Weight 345‑360g(12g) Level Intermediate Description The Adidas Metalbone Carbon CTRL 3.3 2024 is a round-shaped control racket that adds a crisp carbon feel while staying friendlier than the stiffer 
Adidas,Adidas Metalbone Carbon CTRL 3.4 Padel Racket,2025,round,360,,soft EVA,carbon,3499,3999,500,The Padel Market,2,PadelZone | The Padel Market,improver,,yes,https://thepadelmarket.co.za/products/adidas-metalbone-carbon-ctrl-3-4-2025,Elevate Your Game with Precision &amp; Adaptability. The Padel Market Playing Profile Round · Control · Intermediate Power Low Control Very high Comfort Very high Manoeuvrability Very high Shape Round Weight ~345‑360g(varies) Level Intermediate Description The Adidas Metalbone Carbon CTRL 3.4 2025 is a round-shaped control racket that adds a crisp carbon feel while staying friendlier than the stif
Adidas,Adidas Metalbone Control 3.4,,round,360,low,soft EVA,carbon,4950,4950,0,World of Padel,1,World of Padel,intermediate,,yes,https://worldofpadel.co.za/product/adidas-metalbone-control-3-4/,"Adidas Metalbone Control 3.4 Dominate the court with the new Adidas Metalbone CTRL 3.4 2025! This control-focused variant of the Metalbone 3.4 features a round shape to enhance striking precision, with a strategically positioned sweetspot near the center, thanks to a low balance. The padel racket is made of fiberglass. However, it’s important not to mistake a control-focused racket for one intende"
Adidas,adidas Metalbone CTRL 3.3,2024,round,360,,soft EVA,carbon,3750,4679,929,World of Padel,3,The Padel Market | Virgin Active Padel Club | World of Padel,improver,,yes,https://worldofpadel.co.za/product/adias-metalbone-ctrl-3-3-padel-racket/,"Adidas Metalbone Ctrl 3.3 Padel Racket Take full control of the court with the all new Metalbone CTRL 3.3 by Adidas. Made for players of the highest level with the combination of a round format and central sweet spot. To top things off this Padel Racket has been made with the combination of a 2 on 1 carbon aluminised face and the epic EVA soft performance core. Metalbone has a rebellious spirit, b"
Adidas,adidas Metalbone CTRL 3.4,2025,round,345,low,soft EVA,carbon,4599,5999,1400,The Padel Market,4,PadelDeals | PadelZone | The Padel Market | Virgin Active Padel Club,intermediate,,yes,https://thepadelmarket.co.za/products/adidas-metalbone-ctrl-3-4-2025,"The 2025 Adidas Metalbone CTRL 3.4 is engineered for players who demand control without sacrificing performance. Featuring the innovative Weight & Balance System technology, this racket offers versatility and adaptability for any playing style. Its Carbon Fibre Aluminised 16K construction and low-density EVA Soft Performance rubber ensure excellent ball output and optimal feel on every shot. Desig"
Adidas,Adidas Metalbone Hard + Padel Racket | 2026,2026,diamond,,,EVA,carbon,7995,7995,0,PadelGear,1,PadelGear,advanced,,yes,https://www.padelgear.co.za/products/adidas-metalbone-hard-padel-racket-2026-copy,"Bring elite power and a sharp aesthetic to the court with the Adidas Metalbone HRD+ Padel Racket. Crafted specifically for the rigorous demands of modern padel, this 2026 model offers a perfect balance of explosive power, precision, and elite customization. ​Whether you are dominating points at the net or finishing with aggressive smashes, the Metalbone HRD+ is engineered to maximize your impact a"
Adidas,Adidas Metalbone Hrd+,2026,diamond,360,high,EVA,carbon,3999,7999,4000,World of Padel,5,PadelDeals | PadelZone | The Padel Market | Virgin Active Padel Club | World of Padel,advanced,,yes,https://worldofpadel.co.za/product/adidas-metalbone-hrd-2/,"For players who crave maximum power, the Adidas Metalbone HRD+ 2026 is the ultimate high-rigidity weapon built for domination. Co-developed with Ale Galán, this elite model delivers an exceptionally firm, explosive feel—perfect for professional and aggressive players who finish points with authority. Its diamond shape, high balance and ultra-stiff construction give you devastating power on every s"
Adidas,Adidas Metalbone HRD+ 3.3 2024 Padel Racket,2024,diamond,360,,EVA,carbon,3899,3899,0,The Padel Market,1,The Padel Market,improver,,yes,https://thepadelmarket.co.za/products/adidas-metalbone-hrd-3-3-2024,"Unleash Your Full Attack Game. The Padel Market Playing Profile Diamond · Power · Advanced Power Very high Control Low Comfort Low Manoeuvrability Medium Shape Diamond Weight 345‑360g(12g) Level Advanced Description The Adidas Metalbone HRD+ 3.3 2024 is the firmest, most aggressive racket in the Adidas Metalbone family, a diamond-shaped power frame for advanced attackers. Its stiff Carbon Aluminis"
Adidas,Adidas Metalbone HRD+ 3.4,2025,diamond,345,,EVA,carbon,4599,5599,1000,The Padel Market,5,PadelDeals | PadelZone | The Padel Market | Virgin Active Padel Club | World of Padel,intermediate,,yes,https://thepadelmarket.co.za/products/adidas-metalbone-hrd-3-4-2025,"The 2025 Adidas Metalbone HRD+ 3.4, designed for aggressive play, is a true powerhouse in the world of padel. Crafted with premium materials, its high rigidity ensures optimal performance with every shot. Featuring cutting-edge technologies like Power Extra Grip, Low Poly, and Power Groove, this racket is built to deliver explosive power and precision. The Weight & Balance System adds enhanced ine"
Adidas,Adidas Metalbone Pro Edition Padel Racket | 2026,2026,diamond,,,foam,carbon,8995,8995,0,PadelGear,1,PadelGear,advanced,,yes,https://www.padelgear.co.za/products/adidas-metalbone-reserve-edt-2026-copy,"Tailor your attack and command the court. The 2026 Adidas Metalbone Pro Edition is the pinnacle of customizable performance, forged for elite competitors who refuse to compromise on raw power. By fusing state-of-the-art rigidity with adaptive engineering, this racket puts absolute offensive control in your hands. The standout feature remains its adaptable weighting, giving you the tactical advanta"
Adidas,adidas Metalbone PRO EDT 2025,2025,diamond,,,soft EVA,carbon,7649,7649,0,Virgin Active Padel Club,1,Virgin Active Padel Club,advanced,,yes,https://virginactivepadelclub.co.za/products/adidas-metalbone-pro-edt-2025,"The Metalbone PRO-EDT 2025 is a power racket built with all the features needed to meet the demands of PRO-level players. The 16K aluminized carbon offers high rigidity and durability—ideal for those with powerful strokes. EVA Soft Performanc e rubber adds low density for excellent ball output and comfort. But beyond its specs, this racket represents a moment: turning the game into something great"
Adidas,Adidas Metalbone Pro EDT 2026 Padel Racket – Limited Edition,2026,diamond,345,,soft EVA,12K carbon,6999,6999,0,The Padel Market,1,The Padel Market,advanced,,yes,https://thepadelmarket.co.za/products/adidas-metalbone-pro-edt-2026-padel-racket-limited-edition,"Adidas Metalbone Pro EDT 2026 - Limited Edition. diamond power racket from The Padel Market. The Padel Market Playing Profile Diamond · Power · Advanced Power Very high Control Low Comfort Low Manoeuvrability Medium Shape Diamond Weight 345-360g Core EVA Soft Balance High Level Advanced Description The Adidas Metalbone Pro EDT 2026 is a diamond-shaped power racket from the Adidas Metalbone family,"
Adidas,Adidas Metalbone PRO-EDT 2026 &#8211; Ale Galan,2026,diamond,,high,EVA,carbon,6999,6999,0,World of Padel,1,World of Padel,advanced,,yes,https://worldofpadel.co.za/product/adidas-metalbone-pro-edt-2026-ale-galan/,"Adidas Metalbone PRO-EDT 2026 – Ale Galán Edition Step onto the court with the ferocious energy of Ale Galán. The Adidas Metalbone PRO-EDT 2026 is a limited-edition powerhouse crafted for advanced players who demand explosive aggression without sacrificing speed or finesse. Its iconic diamond shape and high balance point put more mass behind every smash and vibora, while a lightweight frame ensure"
Adidas,Adidas Metalbone PRO-EDT 2026 - Ale Galan,2026,diamond,,high,EVA,carbon,8999,8999,0,PadelZone,2,PadelZone | Virgin Active Padel Club,advanced,,yes,https://padelzone.co.za/products/adidas-metalbone-pro-edt-2026-padel-racket,"The Adidas Metalbone PRO-EDT 2026 Padel Racket is a limited-edition power racket built for advanced players who want Ale Galán-level aggression in a lighter, faster frame. Its diamond shape, high balance and customisable weight system make it a serious weapon for dominating overheads, viboras and finishing shots. Adidas continues to push premium Padel Racket design with the Metalbone family, blend"
Adidas,adidas Metalbone Reserve,2026,diamond,,high,EVA,carbon,6374,6999,625,Virgin Active Padel Club,3,PadelDeals | PadelZone | Virgin Active Padel Club,advanced,,yes,https://virginactivepadelclub.co.za/products/adidas-metalbone-reserve-ale-galans-exclusive-racket,"The adidas Metalbone Reserve is the result of a unique collaboration between adidas’ technological innovation and the vision of one of the most influential padel players today: Ale Galán. This limited-edition racket was created especially for the Reserve Cup Series, a tournament that not only celebrates sporting excellence, but also showcases spectacle, elegance, and the elite of the global padel "
Adidas,Adidas Metalbone Reserve 2025 Padel Racket – Limited Edition,2025,diamond,375,,EVA,carbon,5499,5499,0,The Padel Market,1,The Padel Market,intermediate,,no,https://thepadelmarket.co.za/products/adidas-metalbone-reserve-2025,"Elevate Your Game with Elite Precision &amp; Power. The Padel Market Playing Profile Diamond · Power · Advanced Power Very high Control Low Comfort Low Manoeuvrability Medium Shape Diamond Weight 360‑375g() Level Advanced Description The Adidas Metalbone Reserve 2025 is a diamond-shaped power racket from the Adidas Metalbone family, built for advanced and competitive players. It pairs a Carbon Alu"
Adidas,Adidas Metalbone Reserve 3.5 2026 Padel Racket – Limited Edition,2026,diamond,360,,soft EVA,carbon,5299,5299,0,The Padel Market,1,The Padel Market,intermediate,,yes,https://thepadelmarket.co.za/products/adidas-metalbone-reserve-3-5-2026-limited-edition-padel-racket,Adidas Metalbone Reserve 3.5 2026 - Limited Edition. diamond power racket from The Padel Market. The Padel Market Playing Profile Diamond · Power · Advanced Power Very high Control Low Comfort Low Manoeuvrability Medium Shape Diamond Weight 360-375g Face Carbon Aluminized Core EVA Soft Balance High Level Advanced Description The Adidas Metalbone Reserve 3.5 2026 is a diamond-shaped power racket fr
Adidas,adidas Metalbone Superlight,2026,diamond,330,high,EVA,carbon,2795,3499,704,PadelDeals,5,PadelDeals | PadelGear | PadelZone | The Padel Market | Virgin Active Padel Club,improver,,yes,https://padeldeals.co.za/products/2026-adidas-metalbone-superlight,"Discover how easy padel can be with the adidas Metalbone Superlight 2026. Its lightweight construction, featuring Octagonal Structure and structural reinforcements, combines stiffness and stability, reducing torsion and making every shot more precise. The Diamond Oversize shape offers higher balance and a larger hitting surface, increasing power on offensive shots and making control easier through"
Adidas,Adidas Metalbone Team 3.3,2024,diamond,375,,soft EVA,carbon,2399,2599,200,The Padel Market,2,The Padel Market | World of Padel,beginner,,no,https://thepadelmarket.co.za/products/adidas-metalbone-team-3-3-racket-2024,"Adidas Metalbone Team 3.3 Padel Racket Experience ultimate versatility on the court with the Adidas Metalbone Team 3.3 Padel Racket , crafted for players who demand both power and control. Whether you’re attacking with force or defending with precision, this all-round racket is engineered to deliver balanced performance across every stroke and play style. Designed for All-Around Performance Adidas"
Adidas,Adidas Metalbone Team 3.4,2025,diamond,360,,soft EVA,carbon,2990,3149,159,World of Padel,3,PadelDeals | Virgin Active Padel Club | World of Padel,improver,,yes,https://worldofpadel.co.za/product/adidas-metalbone-team-3-4/,"The 2025 Adidas Metalbone Team 3.4 is a diamond-shaped padel racket designed for players seeking power and control. Equipped with Power Extra Grip and Low Poly polyhedral design, it enhances shot stiffness and strike inertia. Its Octagonal Structure frame ensures stability, minimizing torsion for consistent, powerful hits. The combination of fiberglass and EVA Soft Performance rubber delivers a we"
Adidas,adidas Metalbone Team Light 2026,2026,round,,,EVA,fibreglass,4499,4499,0,PadelZone,2,PadelZone | Virgin Active Padel Club,improver,,yes,https://padelzone.co.za/products/adidas-metalbone-team-light-2026-padel-racket,"Introducing the all new Adidas Metalbone Team Light 2026, the lightweight control-focused entry into the legendary Metalbone family. Featuring a round shape with centred sweet spot and revolutionary octagonal structure, this lightweight Padel Racket weighing just 345-360 grams combines Fibreglass face construction with Soft Performance EVA for exceptional manoeuvrability, comfort and control, maki"
Adidas,Adidas Metalbone Team Light 3.3,2024,round,375,,soft EVA,carbon,2495,2899,404,The Padel Market,2,The Padel Market | World of Padel,beginner,,no,https://thepadelmarket.co.za/products/adidas-metalbone-team-light-3-3-padel-racket-2024,"Adidas Metalbone Team Light 3.3 The Adidas Lightness Padel Racket is designed for intermediate players who seek a lightweight option without compromising performance. With Octagonal Structure technology for increased torsional resistance and Structural Reinforcement for added rigidity, this racket ensures durability and stability. Its rough Spin Blade Gritt surface enhances spin, while the fibergl"
Adidas,Adidas Metalbone Team Light 3.4,2025,round,345,low,soft EVA,fibreglass,3149,3825,676,Virgin Active Padel Club,3,Africa Padel | Virgin Active Padel Club | World of Padel,improver,,yes,https://virginactivepadelclub.co.za/products/adidas-metalbone-team-light-3-4,"Adidas Metalbone Team Light 3.4 The Adidas Metalbone Team Light 3.4 is a high-performance padel racket designed for players seeking control, comfort, and agility . With a round shape and low balance , it ensures precision on every shot while maintaining excellent maneuverability. The fiberglass surface provides flexibility and a great ball output, while the Spin Blade Gritt technology enhances spi"
Adidas,Adidas Metalbone Youth 3.3,,,,,soft EVA,carbon,1550,1550,0,World of Padel,1,World of Padel,beginner,,no,https://worldofpadel.co.za/product/metalbone-youth-3-3-2/,"Adidas Metalbone Youth The Metalbone Youth 3.3 by Adidas has been developed specifically for younger Padel players looking to advance their game and gain in strength and confidence. The Octagonal Structure and Structural Reinforcement technologies, coupled with the Adidas soft EVA performance code provide this Padel Racket with high rigidity and a great feel. All for Padel, the official licensed A"
Adidas,adidas Metalbone Youth 3.4,,round,,,,,1889,1889,0,Virgin Active Padel Club,1,Virgin Active Padel Club,beginner,,yes,https://virginactivepadelclub.co.za/products/adidas-metalbone-youth-3-4,"The Metalbone Youth 3.4 brings padel closer to younger players, with every detail designed to suit their needs. Its lighter weight facilitates handling, while its round shape and quality materials aim to provide optimal control. To also excel in aggressive play, this model specifically for younger players incorporates technologies such as the Octagonal Structure and Structural Reinforcement."
Adidas,Adidas RX 2026,2026,round,,,EVA,carbon,2999,2999,0,PadelZone,1,PadelZone,improver,,yes,https://padelzone.co.za/products/adidas-rx-2026-padel-racket,"Introducing the Adidas RX 2026 Padel Racket , the ultimate companion for players in full progression who want to take their game to the next level. Part of the acclaimed RX Series from Adidas, this racket delivers an exceptional balance of power and control for intermediate and advancing players. Adidas has earned a trusted reputation in the Padel world, combining decades of sporting expertise wit"
Adidas,Adidas RX Carbon 2023 Padel Racket,2023,round,360,,soft EVA,carbon,2199,2199,0,The Padel Market,1,The Padel Market,beginner,,no,https://thepadelmarket.co.za/products/adidas-rx-carbon-padel-racket-2023,"Adidas RX Carbon 2023. control racket from The Padel Market. The Padel Market Playing Profile Round · Control · Beginner Power Low Control Very high Comfort Very high Manoeuvrability Very high Shape Round Weight 360-375g Face Carbon Fibre Core EVA Soft Balance Medium Level Beginner Description The Adidas RX Carbon 2023 is a round-shaped, control-oriented racket built for beginner and improving pla"
Adidas,Adidas RX Light 2026,2026,round,,,EVA,carbon,2999,2999,0,PadelZone,1,PadelZone,improver,,yes,https://padelzone.co.za/products/adidas-rx-light-2026-padel-racket,"Discover the Adidas RX Light 2026 Padel Racket , a lightweight masterpiece designed for intermediate players who value control, responsiveness, and effortless manoeuvrability. As part of the renowned Adidas RX Series, this racket brings advanced technology into a featherlight frame that makes every point enjoyable. Adidas continues to push boundaries in Padel equipment, and the RX Light 2026 is a "
Adidas,adidas RX Series Light 2026,2026,round,345,,EVA,carbon,2399,2999,600,The Padel Market,2,The Padel Market | Virgin Active Padel Club,improver,,yes,https://thepadelmarket.co.za/products/adidas-rx-series-light-2026-padel-racket,Feel the lightness and the ease of controlling the point. The adidas RX Series Light padel racket is designed to make your game more agile and comfortable. Its round shape and light weight give you total control in defense and allow you to react quickly. Enjoy an incredibly soft feel and great ball output thanks to the combination of Fiber Glass and Soft Performance EVA rubber. The Structural Powe
Adidas,adidas RX Series Light 3.4,,round,,,soft EVA,fibreglass,2099,2499,400,Virgin Active Padel Club,2,PadelZone | Virgin Active Padel Club,beginner,,yes,https://virginactivepadelclub.co.za/products/adidas-rx-series-light-3-4,"This lightweight Padel Racket by Adidas is made for increased agility and manuverability in your game. boasting a fiberglass face and soft EVA core coupled with a lighter frame design, the RX Series Light is a great option for the player looking to elivate their game. All for Padel, the official licensed Adidas Padel Tennis manufacturers, have become known for producing high performance products w"
Adidas,adidas RX Series Lime 3.4,,,,,,carbon,2099,2099,0,Virgin Active Padel Club,1,Virgin Active Padel Club,beginner,,yes,https://virginactivepadelclub.co.za/products/adidas-rx-series-lime-3-4,"The RX Series Lime 3.4 is a racquet designed for intermediate players looking to advance their game. Structural Power and Structural Reinforcement reinforcements made from carbon fibres in key areas enhance the racquet's structural rigidity, increasing its power generation capabilities. Additionally, the Smart Holes Linear hole arrangement adds solidity and extends its lifespan."
Adidas,adidas RX Series Red 3.4,,round,,,EVA,carbon,2099,2499,400,Virgin Active Padel Club,2,PadelZone | Virgin Active Padel Club,beginner,,yes,https://virginactivepadelclub.co.za/products/adidas-rx-series-red-3-4,"Made to suit players with all types of play styles, this RX Series Red Padel Racket has been developed by Adidas to feature fiberglass face and soft performance EVA core to allow you to achieve your highest potential. All for Padel, the official licensed Adidas Padel Tennis manufacturers, have become known for producing high performance products with elegant designs for both top professionals and "
Africa Padel Online Store,Metalbone CTRL 3.4 2025,2025,,,,soft EVA,carbon,6395,6395,0,Africa Padel,1,Africa Padel,intermediate,,yes,https://africapadelshop.com/products/metalbone-ctrl-3-4-2025,"The Metalbone CTRL 3.4 boasts exceptional control for optimal performance. Its Weight & Balance System technology allows for versatility and adaptability in any scenario. Constructed with Carbon Fibre Aluminised 16K and low-density EVA Soft Performance rubber, this racket delivers unparalleled ball output. Equipped with the latest Metalbone technologies for 2025, including the Power Extra Grip for"
Babolat,2025 Babolat Air Origin,2025,teardrop,355,medium,soft EVA,carbon,2395,2395,0,World of Padel,1,World of Padel,beginner,,yes,https://worldofpadel.co.za/product/2025-babolat-air-origin/,"About The Babolat Air Origin 2025 is the perfect racket for beginners and intermediate players looking to improve quickly. With its lightweight design, teardrop shape, and medium balance, it offers the ideal mix of control and power. Featuring fiberglass faces and soft EVA rubber for comfort and forgiveness, plus a carbon-reinforced frame for durability, this racket is built to boost confidence an"
Babolat,2025 Babolat Counter Origin,2025,round,355,low,soft EVA,carbon,2490,2490,0,World of Padel,1,World of Padel,beginner,,yes,https://worldofpadel.co.za/product/2025-babolat-counter-origin/,"Description The new Counter Origin is the control padel racquet you need to step onto the padel court for the first time and start discovering the sport. The Counter Origin offers great maneuverability, comfort and tolerance to support players during their first padel matches with a big smile. If this is your first time playing a racquet sport, and you need a lot of control over the ball, then the"
Babolat,2025 Babolat Stima Vita,2025,round,355,low,soft EVA,carbon,1995,1995,0,World of Padel,1,World of Padel,beginner,,no,https://worldofpadel.co.za/product/2025-babolat-stima-vita/,"About The Babolat Stima Vita 2025 is designed for women who are new to padel or play casually, offering the perfect balance of comfort, control, and style. Its lightweight construction and easy handling make it an excellent choice for players building confidence on the court. With a round shape and medium-low balance, this racket prioritizes control, giving you the ability to place the ball with p"
Babolat,2025 Babolat Technical Veron,2025,diamond,,,EVA,carbon,3795,3795,0,PadelDeals,1,PadelDeals,improver,,yes,https://padeldeals.co.za/products/2025-babolat-technical-veron,"The 2025 Babolat Technical Veron is designed for players seeking a balance of power and precision in their game. It falls into the Technical range of Babolat's padel rackets, aimed at players who like to dictate the game with aggressive shots from the net, but it also provides control for accurate placement. FEATURES Shape : Diamond-shaped, which enhances power, especially in attacking shots like "
Babolat,2025 Babolat Technical Veron Juan Lebron,2025,diamond,,,EVA,carbon,4315,4995,680,Africa Padel,2,Africa Padel | PadelDeals,improver,,yes,https://africapadelshop.com/products/babolat-technical-veron-juan-lebron-2025,Presenting the all new Juan Lebrón version of the Technical Veron. Made with a Carbon Flex face combined with an EVA Rubber core to give you both great feel and power. These rackets are made with the Technical Striker in mind providing some unique features and the ability to produce unmatched power and extreme spin. SPECIFICATIONS Shape Diamond Surface Rough Surface Material Carbon Flex Frame Mate
Babolat,2026 Babolat Air Veron 2.6,2026,teardrop,,,foam,carbon,4995,6495,1500,PadelDeals,3,PadelDeals | PadelGear | PadelZone,intermediate,,yes,https://padeldeals.co.za/products/2026-babolat-air-veron-2-6,"The Babolat Air Veron 2.6 is a versatile Padel racket engineered for dynamic players who crave exceptional manoeuvrability and playability on court. Part of Babolat's acclaimed 2026 Air range, this teardrop-shaped racket combines lightweight agility with responsive power, making it an outstanding choice for intermediate to advanced players who thrive at the net and love to dictate the tempo of eve"
Babolat,2026 Babolat Technical Veron Juan Lebron 3.0,2026,,,,EVA,carbon,5495,5495,0,PadelDeals,1,PadelDeals,intermediate,,yes,https://padeldeals.co.za/products/2026-babolat-technical-veron-juan-lebron-3-0,Presenting the all new Juan Lebrón version of the Technical Veron. Made with a Carbon Flex face combined with an EVA Rubber core to give you both great feel and power. These rackets are made with the Technical Striker in mind providing some unique features and the ability to produce unmatched power and extreme spin.
Babolat,2026 Babolat Technical Viper Juan Lebron (Soft),2026,diamond,,,foam,12K carbon,6795,6795,0,PadelDeals,1,PadelDeals,advanced,,yes,https://padeldeals.co.za/products/2026-babolat-technical-viper-juan-lebron-soft,"Agile, competitive, spectacular... those could be the adjectives that define the ""Lobo"". This racket, the result of a collaboration with Juan Lebrón, combines extreme power and exclusive design. Now you can play with the colours of the best player in the world with the Viper Juan Lebrón. FEATURES Shape: Diamond-shaped head, providing a higher balance point and enhanced power, perfect for players w"
Babolat,2026 Babolat Technical Viper Juan Lebron 3.0,2026,diamond,,high,,3K carbon,7795,7795,0,PadelDeals,1,PadelDeals,advanced,,yes,https://padeldeals.co.za/products/2026-babolat-technical-viper-juan-lebron-3-0,"he Babolat Viper Juan Lebron 3.0 is built for pure dominance. Designed with “El Lobo” himself, this racket delivers explosive power, razor-sharp precision, and instant responsiveness. Its diamond shape, high balance, and 3K Carbon face create a lethal combination for advanced players who thrive on aggressive, attacking play. Crafted as Juan Lebrón’s signature weapon, the Viper 3.0 stands at the pe"
Babolat,2026 Babolat Technical Viper Juan Lebron 3.0 FW (Blue/Green),2026,,,,,,7295,7295,0,PadelDeals,1,PadelDeals,advanced,,yes,https://padeldeals.co.za/products/2026-babolat-technical-viper-juan-lebron-3-0-fw,
Babolat,Babolat Air Veron 2.5 2025,2025,,,,,,4495,4495,0,Africa Padel,1,Africa Padel,improver,,no,https://africapadelshop.com/products/babolat-air-veron-2-5-2025,"Try the Babolat Air Veron, ideal for players seeking power and manageability. Perfect for dominating on the padel court with comfort and spectacular effects."
Babolat,Babolat Air Veron 2025 Padel Racket,2025,diamond,355,,foam,carbon,3799,3799,0,The Padel Market,1,The Padel Market,improver,,no,https://thepadelmarket.co.za/products/babolat-air-veron-2025,"Unleash Speed, Spin &amp; Precision on the Court. The Padel Market Playing Profile Diamond · Hybrid · Intermediate Power Very high Control High Comfort High Manoeuvrability Medium Shape Diamond Level Intermediate Description The Babolat Air Veron 2025 is a versatile all-court racket from Babolat's Veron line, built around the Carbon Flex (carbon + fibreglass) face for a more elastic, forgiving fee"
Babolat,Babolat Air Vertuo 2.6,2026,diamond,345,,foam,carbon,2799,3299,500,The Padel Market,2,PadelZone | The Padel Market,improver,,yes,https://thepadelmarket.co.za/products/babolat-air-vertuo-2-6-2026-padel-racket,"The Babolat Air Vertuo 2.6 is a versatile Padel racket engineered for intermediate players who value manoeuvrability and comfort above all else. Developed by Babolat , this 2026 model combines a lightweight construction with a forgiving hitting surface, making it an ideal companion for players looking to elevate their all-round game without compromising on ease of play. Babolat has built a legacy "
Babolat,Babolat Air Vertuo 2025 Padel Racket,2025,diamond,375,,EVA,carbon,2799,2799,0,The Padel Market,1,The Padel Market,improver,,no,https://thepadelmarket.co.za/products/babolat-air-vertuo-2025,"Move Swiftly. Strike Confidently. Dominate Smart. The Padel Market Playing Profile Diamond · Hybrid · Beginner Power High Control High Comfort High Manoeuvrability High Shape Diamond Level Beginner Description The Babolat Air Vertuo 2025 is an accessible padel racket from Babolat's Vertuo line, built for beginners and improving players. Its fibreglass face and soft core deliver a large sweet spot,"
Babolat,Babolat Air Viper,2025,teardrop,360,,EVA,carbon,4299,4899,600,World of Padel,3,The Padel Market | Virgin Active Padel Club | World of Padel,improver,,yes,https://worldofpadel.co.za/product/babolat-air-viper-2025/,"The new Air Viper will give you extreme manoeuvrability with hight reactivity : this is what you need to be an air striker. With the Air Viper, you can take every opportunity to get to the net and use your speed to generate power. This improved version of the Air Viper will give you more power and forgiveness thanks to the new racquet shape. We also wanted to give you more stability in your swing "
Babolat,Babolat Air Viper 2.6,2026,diamond,355,,foam,carbon,4999,6499,1500,The Padel Market,4,PadelDeals | PadelGear | PadelZone | The Padel Market,intermediate,,yes,https://thepadelmarket.co.za/products/babolat-air-viper-2-6-2026-padel-racket,"Introducing the Babolat Air Viper 2.6, the latest evolution in the Viper line and one of the most powerful Padel Rackets in the Babolat range. Designed for the advanced Padel player who demands explosive attacking power without sacrificing feel, this racket sits at the top of the Babolat hierarchy alongside the rackets used by world number one Juan Lebrón. Founded in 1875, Babolat has a legacy spa"
Babolat,Babolat Alioth Junior,2025,round,,low,soft EVA,carbon,1995,2599,604,PadelDeals,2,PadelDeals | PadelZone,beginner,,yes,https://padeldeals.co.za/products/babolat-alioth-junior-2025,"Introducing the Babolat Alioth JR, the perfect junior Padel Racket that your children need to win their first points out on court. Primarily designed for junior beginners between the ages of 8 and 12, this racket offers exceptional manoeuvrability and tolerance combined with adapted grip size to provide the fundamental comfort needed to learn the sport well. Following studies Babolat has conducted"
Babolat,Babolat Alioth Junior Pro,2025,round,,medium,soft EVA,carbon,3495,3499,4,PadelDeals,2,PadelDeals | PadelZone,improver,,yes,https://padeldeals.co.za/products/babolat-alioth-pro-junior-2025,"Introducing the Babolat Alioth Pro JR, the ideal junior Padel Racket to enhance your child's game in competitions as they aim to be number one. Primarily designed for competitive players between the ages of 8 and 12, this racket provides the optimal combination of power and manoeuvrability, featuring adapted smaller grip sizes for the hands of future stars. Following studies conducted by Babolat i"
Babolat,Babolat Alioth Mini Junior,2025,round,,low,soft EVA,carbon,1995,1999,4,PadelDeals,2,PadelDeals | PadelZone,beginner,,yes,https://padeldeals.co.za/products/babolat-alioth-mini-junior-2025,"Introducing the Babolat Alioth Mini JR, the perfect junior Padel Racket for the youngest members of your family to begin their Padel journey. Primarily aimed at beginners under the age of 8, this ultra-lightweight racket has been designed to provide exceptional manoeuvrability and tolerance, minimising errors whilst playing and ensuring maximum fun on court. Following studies conducted by Babolat "
Babolat,Babolat Contact,,,,,,,1679,1679,0,Virgin Active Padel Club,1,Virgin Active Padel Club,beginner,,no,https://virginactivepadelclub.co.za/products/babolat-contact,"Padel is a fun sport. Anyone who's tried it knows that once you have a go, you're hooked. And at Babolat, we're working hard to make the game easier for you. The comfortable and lightweight Contact is ideal if you're looking to buy your first racquet. Enjoy!"
Babolat,Babolat Counter Veron,2025,round,365,,foam,carbon,3639,4799,1160,Virgin Active Padel Club,3,PadelDeals | The Padel Market | Virgin Active Padel Club,improver,,yes,https://virginactivepadelclub.co.za/products/babolat-counter-veron,"The 2025 Babolat Counter Veron is designed for intermediate to advanced players seeking a balance between power and control, with a focus on defensive play. The Counter Veron is great for players who like to build their game from the back of the court and counterattack with controlled yet powerful shots. It’s also a versatile option for players who want a racket that adapts well to various situati"
Babolat,Babolat Counter Veron 2.5,,round,,,,,3779,3779,0,Virgin Active Padel Club,1,Virgin Active Padel Club,improver,,yes,https://virginactivepadelclub.co.za/products/babolat-counter-veron-2-5,"We all want to score points... We're all STRIKERS! Our observation of the game and players has helped us to identify several player profiles. One of these, the counter striker, wants to let no ball get by them and to control the game with patience, waiting for the perfect ball to finish off their opponent. The Counter Veron has been developed to provide the precision you need to withstand the powe"
Babolat,Babolat Counter Veron 2.6,2026,round,,,foam,carbon,3999,4995,996,PadelZone,3,PadelDeals | PadelGear | PadelZone,intermediate,,yes,https://padelzone.co.za/products/babolat-counter-veron-2-6-padel-racket,"The Babolat Counter Veron 2.6 is a round-shaped Padel Racket engineered for counter-striking players who thrive on precision, patience, and intelligent shot placement. Designed as part of the 2026 Veron line, this racket caters to intermediate and advanced players who prefer to control rallies from the back of the court before finding the perfect moment to strike. Babolat has been at the forefront"
Babolat,Babolat Counter Vertuo 2.6,2026,round,350,,foam,carbon,2799,3299,500,The Padel Market,3,PadelDeals | PadelZone | The Padel Market,improver,,yes,https://thepadelmarket.co.za/products/babolat-counter-vertuo-2-6-2026-padel-racket,"The Babolat Counter Vertuo 2.6 is a control-oriented Padel racket built for defensive players and counter-strikers who thrive on consistency and placement. Created by Babolat , this 2026 model features a round head shape with an exceptionally large sweet spot, making it one of the most forgiving rackets in the range for players who prioritise precision over raw power. Babolat brings decades of rac"
Babolat,Babolat Counter Vertuo | 2025,2025,,,,,,2449,2449,0,Virgin Active Padel Club,1,Virgin Active Padel Club,beginner,,no,https://virginactivepadelclub.co.za/products/babolat-counter-vertuo-2025,"We all want to score points… We're all STRIKERS ! At Babolat, our deep understanding of the game and its players has revealed distinct playing styles. One of these is the Counter Striker, a player who refuses to let any shot slip past, patiently controlling the rally and waiting for the perfect moment to strike. The Counter Vertuo is crafted specifically for this mindset. Designed to absorb your o"
Babolat,Babolat Counter Viper,2025,round,365,low,EVA,3K carbon,4499,4790,291,The Padel Market,3,The Padel Market | Virgin Active Padel Club | World of Padel,intermediate,,no,https://thepadelmarket.co.za/products/babolat-counter-viper-2025,"Tolerance and explosive power: exactly what you need to let no shot get past you and to control the game with patience, while waiting for the perfect ball to win the game. In other words, a counter striker. The Counter Viper gets a new makeover: the same proven advantages as its predecessor, but more comfortable. Be a COUNTER STRIKER. Wear out your opponents before finishing off the ball to win th"
Babolat,Babolat Counter Viper 2.5,,,,,,,4479,4479,0,Virgin Active Padel Club,1,Virgin Active Padel Club,improver,,no,https://virginactivepadelclub.co.za/products/babolat-counter-viper-2-5,"Precision and tolerance : exactly what you need to let no shot get past you and to control the game with patience, while waiting for the perfect ball to win the game. In other words, a counter striker. The Counter Viper gets a new makeover: it has the same proven advantages as its predecessor, but it's more comfortable. Be a COUNTER STRIKER. Wear out your opponents before finishing off the ball to"
Babolat,Babolat Counter Viper 2.6,2026,round,365,,foam,3K carbon,4999,6499,1500,The Padel Market,3,PadelDeals | PadelZone | The Padel Market,intermediate,,yes,https://thepadelmarket.co.za/products/babolat-air-viper-2-6-2026-padel-racket-1,"Introducing the Babolat Counter Viper 2.6, the newest addition to the Viper line and one of the most precise Padel Rackets in the Babolat range. Designed for the strategic counter-striking player who values precision and consistency above all else, this racket combines exceptional control with the explosive power needed to convert defense into decisive attacks. With a heritage stretching back to 1"
Babolat,Babolat Dyna Energy,,,,,EVA,carbon,3574,4999,1425,Virgin Active Padel Club,4,PadelDeals | PadelZone | Virgin Active Padel Club | World of Padel,improver,,yes,https://virginactivepadelclub.co.za/products/babolat-dyna-energy,"In the development of the Dyna range Babolat have put a massive emphasis on the fact that our Women of Padel have unique needs. After ample feedback from this community they have produced the Dyna Energy. This high performance very light weight Padel Racket features their carbon flex face and micro perf technology, giving you a larger effective hitting area and making it super easy to handle while"
Babolat,Babolat Dyna Spirit,,teardrop,320,,EVA,carbon,2999,3799,800,World of Padel,2,PadelZone | World of Padel,improver,,yes,https://worldofpadel.co.za/product/babolat-dyna-spirit-2/,"Babolat have had feedback from the ladies Padel community and decided to listen to what you have to say by dropping the lightest range of rackets they have ever developed. The Dyna Spirit Padel Racket is the ultimate in maneuverability and ease of movement making sure your unique and specific needs are fully met. This racket is characterised by its lightness, comfort and easy power coming from the"
Babolat,Babolat LeBron Viper 3.0 - Blue/Green,,diamond,370,high,EVA,3K carbon,6499,6499,0,PadelZone,1,PadelZone,intermediate,,yes,https://padelzone.co.za/products/babolat-viper-lebron-3-0-green-padel-racket,"The Babolat Viper LeBron 3.0 Green Padel Racket is a diamond-shaped Padel Racket built for advanced and professional attackers who want immediate power from every full swing. Its high balance, firm response and Juan Lebrón signature design make it a serious option for players who like to dictate points early and keep opponents pinned back. Babolat brings its racket-sport heritage into this Viper l"
Babolat,Babolat LeBron Viper 3.0 FW | 2026,2026,diamond,,,hard EVA,3K carbon,7995,7995,0,PadelGear,1,PadelGear,advanced,,yes,https://www.padelgear.co.za/products/babolat-lebron-viper-soft-3-0-2026,"Bring pure dominance and explosive power to the court with the Babolat Viper Juan Lebron 3.0 FW. Crafted specifically for advanced and professional players who thrive on aggressive, attacking play, this 2026 signature model is designed in collaboration with ""El Lobo"" himself to deliver razor-sharp precision and instant responsiveness. Whether you are hitting a decisive smash down the line or domin"
Babolat,Babolat LeBron Viper 3.0 | 2026,2026,diamond,,,,3K carbon,5999,5999,0,World of Padel,1,World of Padel,intermediate,,yes,https://worldofpadel.co.za/product/babolat-lebron-viper-3-0-2026/,"Babolat LeBron Viper 3.0 | 2026 “Play like Juan Lebrón…” Used by our Top Player (number 1 in 2019, 2020, 2021 and 2022) on the professional circuit. The VIPER JL 3.0 racquet is characterized by its EXPLOSIVE POWER and high RESPONSIVENESS , thanks to the 3K Carbon material, its diamond shape, and the Dynamic Stability System concept located in the core of the racquet. This system increases power by"
Babolat,Babolat Stima Energy,,round,335,,EVA,carbon,3690,4999,1309,World of Padel,3,PadelDeals | PadelZone | World of Padel,intermediate,,yes,https://worldofpadel.co.za/product/babolat-stima-energy-2/,"After much observation and feedback from our Women of Padel, Babolat say they have developed something uniquely tailored for your needs. We present the lightest Padel Racket that Babolat have ever developed, the Stima Energy offers great forgiveness and optimal power allowing you to exhaust your opponents and win the point. As mentioned above, this racket has been 100% customised to meet the speci"
Babolat,Babolat Stima Spirit,,round,335,,EVA,carbon,3299,3799,500,World of Padel,2,PadelZone | World of Padel,improver,,yes,https://worldofpadel.co.za/product/babolat-stima-spirit-2/,"If you are looking for the perfect balance between comfort, effortless power and freedom of movement then its as if the Babolat Stima Spirit has been developed specifically for you. This Padel Racket is the lightest racket Babolat have ever developed with the necessary performance to exhaust your opponents and win the point. This racket is characterised by its lightness, comfort and easy power com"
Babolat,Babolat Technical Origin+,,diamond,355,high,soft EVA,carbon,3499,3499,0,PadelZone,1,PadelZone,improver,,yes,https://padelzone.co.za/products/babolat-technical-origin-2027-padel-racket,"The Babolat Technical Origin+ 2027 is a diamond-shaped Padel Racket for intermediate players who want accessible attacking power. Its high balance helps build momentum for smashes and other overheads, while the lighter 355g spec means the racket is very maneuverable. Babolat positions the Origin+ as the accessible entry to its Technical family. It retains the head-heavy geometry associated with at"
Babolat,Babolat Technical Veron 2.5,,,,,,,4129,4129,0,Virgin Active Padel Club,1,Virgin Active Padel Club,improver,,yes,https://virginactivepadelclub.co.za/products/babolat-technical-veron-2-5,"We all want to score points... We're all STRIKERS! This is one of the conclusions of our study that allowed us to identify different player profiles. One of these is the technical striker, who wants to control the game and use their technique and strength to make every shot count. To perfectly meet the needs of this player, we developed the Technical Veron which provides grat power and playability"
Babolat,Babolat Technical Veron 3.0,2026,diamond,,high,foam,carbon,4995,4999,4,PadelDeals,3,PadelDeals | PadelGear | PadelZone,intermediate,,yes,https://padeldeals.co.za/products/2026-babolat-technical-veron-3-0,"The Babolat Technical Veron 3.0 Padel Racket is a diamond-shaped weapon engineered for offensive players who want to dominate the court with powerful, aggressive strikes. Part of Babolat 's acclaimed Veron line, this Padel racket combines explosive power with impressive playability, making it ideal for intermediate to advanced players who thrive on attacking play. Babolat has been at the forefront"
Babolat,Babolat Technical Veron Juan Lebrón 2.5,,,,,,,3779,3779,0,Virgin Active Padel Club,1,Virgin Active Padel Club,improver,,yes,https://virginactivepadelclub.co.za/products/babolat-veron-juan-lebron-2-5,"Agile, compassionate, spectacular... these are the adjectives that describe the ""Wolf."" This racquet, the result of a collaboration with Juan Lebron, offers power and decisiveness on attacking shots and an exclusive design. This racquet will help you score the winning point and be the TECHNICAL STRIKER you've always wanted to be. With the Technical Veron Juan Lebrón, you can now play in the colors"
Babolat,Babolat Technical Vertuo Juan Lebron 2025,2025,diamond,375,,EVA,carbon,2999,3515,516,The Padel Market,2,Africa Padel | The Padel Market,improver,,yes,https://thepadelmarket.co.za/products/babolat-technical-vertuo-juan-lebron-2025,"Play Like “El Lobo”: Speed, Power &amp; Signature Precision. The Padel Market Playing Profile Diamond · Hybrid · Intermediate Power Very high Control High Comfort High Manoeuvrability Medium Shape Diamond Level Intermediate Description The Babolat Technical Vertuo Juan Lebron 2025 is an accessible padel racket from Babolat's Vertuo line in the Juan Lebrón colourway. Its forgiving construction and "
Babolat,Babolat Technical Vertuo Juan Lebrón 2.5,,,,,,,3009,3009,0,Virgin Active Padel Club,1,Virgin Active Padel Club,improver,,yes,https://virginactivepadelclub.co.za/products/babolat-technical-vertuo-juan-lebron-2-5,"Agile, compassionate, spectacular... these are the adjectives that describe the ""Wolf."" This racquet is the result of a collaboration with Juan Lebron. If you're a technical striker, who wants to control the game and use your technique and strength to make a difference, then this is your racquet. To perfectly meet the needs of this player, we developed the Technical Vertuo Juan Lebrón which provid"
Babolat,Babolat Technical Viper,2025,diamond,365,,EVA,12K carbon,4395,4499,104,PadelDeals,3,PadelDeals | The Padel Market | Virgin Active Padel Club,improver,,yes,https://padeldeals.co.za/products/2025-babolat-technical-viper,"The 2025 Babolat Technical Viper is designed for advanced and powerful players who prefer an aggressive, offensive style of play. It features a 12K carbon fiber surface, which provides a stiffer feel, delivering greater power on impact while maintaining excellent durability. This makes it ideal for players looking to hit strong, precise shots, especially smashes and attacking volleys. FEATURES Sha"
Babolat,Babolat Technical Viper 3.0,2026,diamond,370,,foam,3K carbon,5299,7495,2196,The Padel Market,4,PadelDeals | PadelGear | PadelZone | The Padel Market,advanced,,yes,https://thepadelmarket.co.za/products/babolat-technical-viper-2026-padel-racket,"Introducing the Babolat Technical Viper 3.0, the ultimate power weapon in the Viper line and one of the most explosive Padel Rackets in the Babolat range. Designed for the technical striker who demands maximum power and high-level responsiveness in every offensive shot, this racket is built to dominate the court with overwhelming force and precision. Founded in 1875, Babolat has over a century of "
Babolat,Babolat Technical Viper Juan LeBron,2025,diamond,375,,EVA,12K carbon,4899,6495,1596,The Padel Market,3,Africa Padel | PadelDeals | The Padel Market,intermediate,,yes,https://thepadelmarket.co.za/products/babolat-technical-viper-juan-lebron-2025,"Agile, competitive, spectacular... those could be the adjectives that define the ""Lobo"". This racket, the result of a collaboration with Juan Lebrón, combines extreme power and exclusive design. Now you can play with the colours of the best player in the world with the Viper Juan Lebrón. FEATURES Shape: Diamond-shaped head, providing a higher balance point and enhanced power, perfect for players w"
Babolat,Babolat Technical Viper Juan Lebrón,,,,,,,4549,4549,0,Virgin Active Padel Club,1,Virgin Active Padel Club,intermediate,,yes,https://virginactivepadelclub.co.za/products/babolat-technical-viper-juan-lebron,"How do you describe “the Wolf?” Agile, aggressive, spectacular... And if the world Number 1 is special, so is his racket. The racket, the result of a collaboration with Juan Lebrón, combines extreme power, maximum spin and exclusive design. You can now play in the colours of the best player in the world with the Juan Lebrón Technical Viper."
Babolat,Babolat Technical Viper Soft 3.0,2026,diamond,365,,EVA,3K carbon,4999,6995,1996,The Padel Market,4,PadelDeals | PadelGear | PadelZone | The Padel Market,intermediate,,yes,https://thepadelmarket.co.za/products/babolat-technical-viper-soft-3-0-2026-padel-racket,"The Babolat Technical Viper Soft 3.0 is an elite-level Padel racket designed for advanced players who demand both power and comfort. Crafted by Babolat , one of the most respected names in racket sports, this 2026 model delivers an exceptional blend of aggressive performance and arm-friendly playability that lets you dominate from the baseline without fatigue. Babolat has been at the forefront of "
Babolat,Babolat Veron Juan Lebron 3.0 Padel Racket,2026,diamond,365,high,foam,carbon,3799,5499,1700,The Padel Market,3,PadelZone | The Padel Market | World of Padel,improver,,yes,https://thepadelmarket.co.za/products/babolat-veron-juan-lebron-3-0-padel-racket-2026,"Babolat Veron Juan Lebron 3.0 2026. all-court racket from The Padel Market. The Padel Market Playing Profile Round · Hybrid · Advanced Power High Control Very high Comfort High Manoeuvrability High Shape Round Weight 365g Face Carbon Flex Core X-EVA Balance High Level Advanced Description The Babolat Veron Juan Lebron 3.0 2026 is a versatile all-court racket from Babolat's Veron line, built around"
Babolat,Babolat Veron Juan Lebrón 3.0,,diamond,,,,carbon,5599,5599,0,Virgin Active Padel Club,1,Virgin Active Padel Club,intermediate,,yes,https://virginactivepadelclub.co.za/products/babolat-veron-juan-lebron-3-0,"“Play like Juan Lebrón...” Inspired by the racket used by our best player (number 1 in 2019, 2020, 2021, and 2022) on the professional circuit. The VERON JUAN LEBRÓN 3.0 racket is characterised by its POWER and COMFORT thanks to the material used, Carbonflex, its diamond shape, and the Dynamic Stability System, a feature located in the heart of the racket, which increases power by providing rigidi"
Babolat,Babolat Viper Juan Lebron 3.0 Padel Racket,2026,diamond,365,high,foam,carbon,5799,7799,2000,The Padel Market,2,PadelZone | The Padel Market,intermediate,,yes,https://thepadelmarket.co.za/products/babolat-viper-3-0-juan-lebron-padel-racket-2026,"Babolat Viper Juan Lebron 3.0 2026. diamond power racket from The Padel Market. The Padel Market Playing Profile Diamond · Power · Advanced Power Very high Control Low Comfort Low Manoeuvrability Medium Shape Diamond Weight 365g Face Full Carbon Core X-EVA Balance High Level Advanced Description The Babolat Viper Juan Lebron 3.0 2026 is a diamond-shaped power racket from Babolat's Viper line, the "
Babolat,Babolat Viper Juan Lebrón 2.5,,,,,,,4899,4899,0,Virgin Active Padel Club,1,Virgin Active Padel Club,intermediate,,no,https://virginactivepadelclub.co.za/products/babolat-viper-juan-lebron-2-5,"Agile, competitive, spectacular... those could be the adjectives that define the ""Lobo"". This racquet, the result of a collaboration with Juan Lebrón, combines extreme power and exclusive design. Now you can play with the colours of the best player in the world with the Viper Juan Lebrón. Professional players from the BABOLAT team may play with a personalised or different model of the equipment pr"
Babolat,Babolat Viper Juan Lebrón 3.0,2026,diamond,370,,EVA,3K carbon,6999,7899,900,The Padel Market,2,The Padel Market | Virgin Active Padel Club,advanced,,yes,https://thepadelmarket.co.za/products/babolat-viper-juan-lebron-3-0-padel-racket-2026,"""Play like Juan Lebrón..."" Used by our Top Player (number 1 in 2019, 2020, 2021 and 2022) on the professional circuit. The VIPER JL 3.0 racquet is characterized by its EXPLOSIVE POWER and high RESPONSIVENESS, thanks to the 3K Carbon material, its diamond shape, and the Dynamic Stability System concept located in the core of the racquet. This system increases power by stiffening the racquet frame, "
Babolat,Babolat Viper Soft Juan Lebron 3.0 Padel Racket,2026,diamond,365,high,foam,carbon,4799,6799,2000,The Padel Market,3,PadelZone | The Padel Market | World of Padel,intermediate,,yes,https://thepadelmarket.co.za/products/babolat-viper-soft-juan-lebron-3-0-padel-racket-2026,Babolat Viper Soft Juan Lebron 3.0 2026. diamond power racket from The Padel Market. The Padel Market Playing Profile Diamond · Power · Advanced Power Very high Control Low Comfort Low Manoeuvrability Medium Shape Diamond Weight 365g Face Carbon Flex Core X-EVA Balance High Level Advanced Description The Babolat Viper Soft Juan Lebron 3.0 2026 is a diamond-shaped power racket from Babolat's Viper 
Babolat,Babolat Viper Soft Juan Lebrón 3.0,,diamond,,,,carbon,6699,6699,0,Virgin Active Padel Club,1,Virgin Active Padel Club,advanced,,yes,https://virginactivepadelclub.co.za/products/babolat-viper-soft-juan-lebron-3-0,"“Play like Juan Lebrón...” The VIPER SOFT Juan Lebrón 3.0 is inspired by the racket used by our best player, the world number 1 in 2019, 2020, 2021, and 2022. Designed for those looking to take their game to the highest level, this racket stands out for its combination of explosive power and exceptional comfort on every shot. Made with Soft Carbon, a material that provides a unique feel upon impac"
Babolat,Babolat x Lamborghini BL002 Padel Racket - Bronze,,,,,foam,3K carbon,24999,24999,0,PadelZone,1,PadelZone,advanced,,yes,https://padelzone.co.za/products/babolat-x-lamborghini-bl002-padel-racket-bronze,"The Babolat x Lamborghini BL002 Bronze 2026 is a precision Padel Racket for demanding, competitive players who refuse to choose between controlled placement and decisive power. Its isometric geometry steadies the hitting zone, while the sculpted bronze finish turns the collaboration's engineering-led frame into an understated collector-grade statement. Developed and made in Spain, this BL002 comes"
Babolat,Babolat x Lamborghini BL002 Padel Racket - Orange,,round,,high,foam,3K carbon,24999,24999,0,PadelZone,1,PadelZone,advanced,,yes,https://padelzone.co.za/products/babolat-x-lamborghini-bl002-padel-racket-orange,"The Babolat x Lamborghini BL002 Orange 2026 is an isometric Padel Racket created for demanding competitors who turn defence into instant attack. Its centred sweet spot brings precision under pressure, while a head-heavy balance and vivid Lamborghini-inspired finish give committed counter-strikers a genuinely exotic weapon. Built in Spain at the Babolat Padel Studio, the BL002 combines Babolat 's r"
Babolat,Babolat x Lamborghini BL003 Blue 2026 Padel Racket – Limited Edition,2026,diamond,355,high,foam,3K carbon,15999,15999,0,The Padel Market,1,The Padel Market,advanced,,no,https://thepadelmarket.co.za/products/babolat-lamborghini-bl003-blue-2026-padel-racket-limited-edition,Babolat x Lamborghini BL003 Blue 2026. limited-edition racket from The Padel Market. The Padel Market Playing Profile Teardrop · Power · Advanced Power Very high Control Medium Comfort Medium Manoeuvrability Medium Shape Teardrop Weight 355g(7g) Face 3K Carbon Core Multi-EVA (triple-density) Balance High Level Advanced Description The Babolat x Lamborghini BL003 Blue 2026 is an exclusive limited-e
Babolat,Babolat x Lamborghini BL003 Padel Racket &#8211; Blue,,,,,foam,3K carbon,18999,18999,0,World of Padel,1,World of Padel,advanced,,yes,https://worldofpadel.co.za/product/babolat-x-lamborghini-bl003-padel-racket-blue/,"Babolat x Lamborghini BL003 Padel Racket – Blue The Babolat x Lamborghini BL003 Padel Racket represents the pinnacle of performance, merging the precision of Babolat engineering with the aggressive DNA of Italian super cars. This limited edition Padel Racket is designed for advanced players who demand extreme power without sacrificing the agility needed for fast paced Padel. Crafted at the Babolat"
Babolat,Babolat x Lamborghini BL003 Padel Racket - Blue,,,,,foam,3K carbon,24999,24999,0,PadelZone,1,PadelZone,advanced,,yes,https://padelzone.co.za/products/babolat-x-lamborghini-bl003-padel-racket-blue,"The Babolat x Lamborghini BL003 Padel Racket represents the pinnacle of performance, merging the precision of Babolat engineering with the aggressive DNA of Italian super cars. This limited edition Padel Racket is designed for advanced players who demand extreme power without sacrificing the agility needed for fast paced Padel. Crafted at the Babolat Padel Studio in Spain, the BL003 features a rig"
Babolat,Babolat x Lamborghini BL003 Padel Racket - White,,,,,foam,3K carbon,24999,24999,0,PadelZone,1,PadelZone,advanced,,yes,https://padelzone.co.za/products/babolat-x-lamborghini-bl003-padel-racket-white,"The Babolat x Lamborghini BL003 Padel Racket in White is a masterpiece of technical innovation, combining the high speed aesthetics of Lamborghini with the industry leading expertise of Babolat. This premium Padel Racket is tailored for the competitive player who seeks a dynamic and agile playing style on the Padel court. Handcrafted at the prestigious Babolat Padel Studio in Spain, this Padel Rac"
Babolat,Babolat x Lamborghini BL003 White &#8211; Exclusive Padel Racket 2026,2026,,360,,foam,3K carbon,18999,18999,0,World of Padel,1,World of Padel,advanced,,yes,https://worldofpadel.co.za/product/babolat-x-lamborghini-bl003-white-exclusive-padel-racket-2026/,"Babolat x Lamborghini BL003 White – Exclusive Padel Racket 2026 The Babolat x Lamborghini BL003 White 2026 represents the third and most exclusive chapter in the iconic partnership between Babolat and Lamborghini. Produced in extremely limited quantities worldwide, this highly sought-after racket combines elite performance with luxury design, making it one of the most desirable padel rackets ever "
Babolat,Babolat x Lamborghini BL003 White 2026 Padel Racket – Limited Edition,2026,diamond,355,high,foam,3K carbon,15999,15999,0,The Padel Market,1,The Padel Market,advanced,,yes,https://thepadelmarket.co.za/products/babolat-lamborghini-bl003-white-2026-padel-racket-limited-edition,Babolat x Lamborghini BL003 White 2026. limited-edition racket from The Padel Market. The Padel Market Playing Profile Teardrop · Power · Advanced Power Very high Control Medium Comfort Medium Manoeuvrability Medium Shape Teardrop Weight 355g(7g) Face 3K Carbon Core Multi-EVA (triple-density) Balance High Level Advanced Description The Babolat x Lamborghini BL003 White 2026 is an exclusive limited
Babolat,Babolat x Lamborghini Yellow Padel Racket – Limited Edition,,teardrop,375,,EVA,carbon,22995,22995,0,The Padel Market,1,The Padel Market,advanced,,no,https://thepadelmarket.co.za/products/babolat-lamborghini-padel-racket-yellow,"Why It Stands Out. The Padel Market Playing Profile Teardrop · Power · Advanced Power Very high Control Medium Comfort Medium Manoeuvrability Medium Shape Teardrop Level Advanced Description The Babolat x Lamborghini Yellow is an exclusive limited-edition racket from the Babolat x Automobili Lamborghini collaboration. Built with premium carbon construction and a striking design, it pairs collectab"
Bullpadel,2024 Bullpadel Hack 03 Comfort,2024,diamond,360,high,EVA,carbon,2795,2795,0,PadelDeals,1,PadelDeals,improver,,yes,https://padeldeals.co.za/products/2024-bullpadel-hack-03-comfort-padel-racket,"Elevate your game with the Bullpadel Hack 03 Comfort 24, crafted in collaboration with padel legend Paquito Navarro as part of the 2024 collection. With a diamond-shaped design, it's the go-to racket for players emphasizing power. The Fibrix face ensures an ideal balance of stiffness and flexibility, while the MultiEVA core, featuring two densities, delivers an exceptional playing feel and precise"
Bullpadel,2024 Bullpadel Vertex 04 Women | Delfi Brea,2024,diamond,345,high,foam,12K carbon,3295,3295,0,PadelDeals,1,PadelDeals,improver,,yes,https://padeldeals.co.za/products/2024-bullpadel-vertex-04-women-padel-racket,"The Bullpadel 2024 Vertex 04 Women padel racket is meticulously crafted for advanced or professional female padel players seeking peak on-court performance. Combining lightweight construction with powerful features, it ensures minimal control loss, delivering optimal performance. The diamond-shaped design and high balance facilitate maximum power and spin generation, beneficial for smashes and lob"
Bullpadel,2025 Bullpadel BP10 EVO,2025,round,360,low,soft EVA,carbon,2495,2495,0,PadelDeals,1,PadelDeals,beginner,,yes,https://padeldeals.co.za/products/2025-bullpadel-bp10-evo,"The 2025 Bullpadel BP10 EVO padel racket is designed for ease of use and efficiency, featuring a round shape with a low balance for better control. It incorporates the innovative STReinforce system, enhancing the frame's structure and rigidity for improved durability and strength. The surface is crafted from Polyglass Fibreglass, providing a soft and comfortable touch. The core consists of soft EV"
Bullpadel,2025 Bullpadel Elite Woman,2025,,350,,EVA,carbon,3995,3995,0,PadelDeals,1,PadelDeals,improver,,yes,https://padeldeals.co.za/products/2025-bullpadel-elite,"The 2025 Bullpadel Elite , designed for Gemma Triay, is an elegant and powerful racket that seamlessly combines style and performance. Its hybrid shape offers exceptional control and agility, making it suitable for demanding players. Lightweight for easy handling, the Elite allows you to play confidently from the back line or at the net. This racket provides a perfect balance of power and maneuver"
Bullpadel,2025 Bullpadel Flow Light,2025,round,350,,soft EVA,carbon,2995,2995,0,PadelDeals,1,PadelDeals,improver,,yes,https://padeldeals.co.za/products/2025-bullpadel-flow-light,"Experience the perfect fusion of innovation, power, comfort, and control with the Bullpadel Flow Light padel racket, expertly crafted for players seeking the perfect balance of control and performance. This light, round-shaped racket is designed to provide optimal handling and precision, making it an excellent choice for players at all levels. Features Innovative FlowForce Heart: The new FlowForce"
Bullpadel,2025 Bullpadel Hack 04 Hybrid,2025,diamond,365,,EVA,18K carbon,3795,3795,0,PadelDeals,1,PadelDeals,improver,,yes,https://padeldeals.co.za/products/2025-bullpadel-hack-04-hybrid,"The Bullpadel HACK 04 Hybrid is designed with innovative Total Channel technology and a triple bridge core, offering a balance of power and control, making it ideal for counterattacking players. It emphasizes ""dynamic power,"" delivering maximum responsiveness with every shot. Developed with input from professional players, the HACK 04 Hybrid incorporates new technologies to enhance the playing exp"
Bullpadel,2025 Bullpadel Icon,2025,,,,,,2995,2995,0,PadelDeals,1,PadelDeals,improver,,yes,https://padeldeals.co.za/products/2025-bullpadel-icon-1,
Bullpadel,2025 Bullpadel Icon Cloud,2025,,,,,,2795,2795,0,PadelDeals,1,PadelDeals,improver,,yes,https://padeldeals.co.za/products/2025-bullpadel-icon-cloud,
Bullpadel,2025 Bullpadel Ionic Control,2025,round,365,high,EVA,carbon,2995,2995,0,PadelDeals,1,PadelDeals,improver,,yes,https://padeldeals.co.za/products/2025-bullpadel-ionic-control,"The 2025 Bullpadel Ionic Control padel racket, designed for advanced players, is exceptionally maneuverable and effective. Its round shape and low balance incorporate the innovative XForce system. The outer layer blends carbon fiber and fiberglass, while the inner core is Multieva, and the frame is 100% carbon fiber CarbonTube constructed. FEATURES CarbonTube : Frame construction with 100% carbon,"
Bullpadel,2025 Bullpadel Ionic Light,2025,teardrop,350,medium,EVA,carbon,2850,2995,145,World of Padel,2,PadelDeals | World of Padel,improver,,yes,https://worldofpadel.co.za/product/bullpadel-ionic-light-2025/,"The 2025 Bullpadel Ionic Light is a highly manageable, lightweight padel racket designed for advanced players seeking precision and comfort. With a teardrop shape and medium balance, it incorporates the innovative XForce system for enhanced rigidity and strength. The racket’s face is constructed with Glaphite, a blend of carbon fiber and fiberglass, providing both power and a soft touch. Its Multi"
Bullpadel,2025 Bullpadel Ionic Power,2025,diamond,365,high,EVA,carbon,2995,2995,0,PadelDeals,1,PadelDeals,improver,,yes,https://padeldeals.co.za/products/2025-bullpadel-ionic-power,"The Bullpadel Ionic Power 2025, the official racket of professional player Pablo Cardona, is engineered for advanced players who demand power and precision. Its diamond-shaped design and high balance deliver explosive shots and exceptional control, perfect for aggressive gameplay. Elevate your performance with a racket built for dominance in every match. FEATURES Optimal Weight: Weighs 365-375 gra"
Bullpadel,2025 Bullpadel K2 Power,2025,diamond,360,low,soft EVA,carbon,1995,1995,0,PadelDeals,1,PadelDeals,beginner,,yes,https://padeldeals.co.za/products/2024-bullpadel-k2-power-copy,"The 2025 Bullpadel K2 Power is a diamond-shaped padel racket crafted for maximum power, designed with a high sweet spot ideal for aggressive players who love to dominate with powerful smashes. Its fiberglass surface provides a soft, comfortable feel on impact, while the EVA medium rubber core offers an ideal balance of control and power. Built with a 100% carbon fiber frame for durability, it also"
Bullpadel,2025 Bullpadel Neuron,2025,teardrop,355,,EVA,3K carbon,3995,3995,0,PadelDeals,1,PadelDeals,improver,,yes,https://padeldeals.co.za/products/2025-bullpadel,"The 2025 Bullpadel Neuron played by Federico Chingotto's racket, is designed for players with quick decision-making and high-level skills. Engineered by the Bullpadel-Lab team, it incorporates advanced technology like the Wave System to enhance control and responsiveness. The racket provides a precise, immediate response with every shot, maximizing the connection between the player's mind and the "
Bullpadel,2025 Bullpadel Neuron Cloud,2025,,,,,,3295,3295,0,PadelDeals,1,PadelDeals,improver,,yes,https://padeldeals.co.za/products/2025-bullpadel-neuron-cloud,"The 2025 Bullpadel Neuron played by Federico Chingotto's racket, is designed for players with quick decision-making and high-level skills. Engineered by the Bullpadel-Lab team, it incorporates advanced technology like the Wave System to enhance control and responsiveness. The racket provides a precise, immediate response with every shot, maximizing the connection between the player's mind and the "
Bullpadel,2025 Bullpadel Pearl Cloud,2025,,,,,,2495,2495,0,PadelDeals,1,PadelDeals,beginner,,yes,https://padeldeals.co.za/products/2025-bullpadel-pearl-cloud,
Bullpadel,2025 Bullpadel Vertex 04 Women,2025,diamond,365,,EVA,carbon,3399,3495,96,World of Padel,2,PadelDeals | World of Padel,improver,,yes,https://worldofpadel.co.za/product/bullpdel-vertex-04-women-2025/,"The Vertex 04 Woman racket, used by top player Delfi Brea, offers cutting-edge Bullpadel-Lab technologies. It delivers 10% more reactivity, 7.2% more rigidity, 23% improved aerodynamics, and an 8% larger sweet spot compared to previous models. Designed for a complete, 360-degree game, it aims to give players the edge for absolute victory FEATURES CurvAktiv Tech : The unique twist in the racket's p"
Bullpadel,2025 Bullpadel XPLO,2025,diamond,365,high,EVA,12K carbon,3650,5115,1465,World of Padel,3,Africa Padel | PadelDeals | World of Padel,improver,,yes,https://worldofpadel.co.za/product/bullpadel-xplo/,"The Bullpadel XPLO is the brand's most powerful racket, designed for professional and advanced players, including Martin Di Nenno. With cutting-edge Bullpadel-Lab technology, it delivers explosive power and dominance on the court. It’s ideal for those seeking maximum performance in every shot. Note: Bullpadel humorously warns that they aren’t responsible for any damage caused by its immense power."
Bullpadel,2026 Bullpadel Hack 02 Advance,2026,,,,,,2795,2795,0,PadelDeals,1,PadelDeals,improver,,yes,https://padeldeals.co.za/products/2026-bullpadel-hack-02-advance,
Bullpadel,2026 Bullpadel Hack 04 CMF 26,2026,,,,foam,carbon,3995,3995,0,PadelDeals,1,PadelDeals,improver,,yes,https://padeldeals.co.za/products/2026-bullpadel-hack-04-cmf-26,"Bullpadel Hack CMF 04 – Dynamic Power, Reinvented. The Hack CMF 04 brings the spirit of the legendary Hack into a new era, celebrating a decade of innovation with the concept of dynamic power. Designed for players who demand speed, precision, and comfort, it transforms every movement into explosive yet controlled shots. The Fibrix face delivers the perfect balance of stiffness and flexibility, whi"
Bullpadel,2026 Bullpadel Hack 04 Hybrid,2026,teardrop,375,,EVA,18K carbon,4499,5995,1496,The Padel Market,3,PadelDeals | PadelGear | The Padel Market,intermediate,,yes,https://thepadelmarket.co.za/products/bullpadel-hack-04-hybrid-2026,"The HACK 04 Hybrid is engineered for players who dominate the counterattack. Its hybrid shape, combined with Total Channel technology and a triple bridge at the heart, delivers the perfect balance of control and power. Every shot feels explosive yet precise, letting you take full advantage of the racket’s exceptional responsiveness and agility. Technologies: Total Channel, Tricore, Air React Chann"
Bullpadel,2026 Bullpadel Hack 04 Hybrid Cloud,2026,,,,,,5495,5495,0,PadelDeals,1,PadelDeals,intermediate,,yes,https://padeldeals.co.za/products/2026-bullpadel-hack-04-hybrid-cloud,
Bullpadel,2026 Bullpadel Icon,2026,diamond,,,EVA,12K carbon,6295,6495,200,PadelDeals,2,PadelDeals | PadelGear,intermediate,,yes,https://padeldeals.co.za/products/2025-bullpadel-icon-copy,"The ICON racket is a tribute to greatness, a symbol of excellence and an ultimate tool for those who seek to dominate the court with the same spirit as Juan Martín Díaz, former World No 1 for 14 years. Created in collaboration with Bullpadel Lab engineers, the ICON combines innovation, design and performance in a perfect balance of power, control and ease of use. WEIGHT: 370-375 GRAMS SHAPE: DIAMO"
Bullpadel,2026 Bullpadel Indiga Power,2026,,,,,,2495,2495,0,PadelDeals,1,PadelDeals,beginner,,yes,https://padeldeals.co.za/products/2026-bullpadel-indiga-power,
Bullpadel,2026 Bullpadel Ionic Control,2026,round,,low,EVA,carbon,3390,4795,1405,World of Padel,3,PadelDeals | PadelGear | World of Padel,improver,,yes,https://worldofpadel.co.za/product/bullpadel-ionic-control-2026/,"The Bullpadel Ionic Control 2026 is a padel racket designed to offer maximum control, precision, and comfort in every hit. Its round shape with low balance facilitates manageable movements, ideal for mastering touch shots and reinforcing defense from the back of the court with confidence. This model from the Next series, specifically created for intermediate and advanced male players, stands out f"
Bullpadel,2026 Bullpadel Ionic Light,2026,teardrop,,medium,EVA,carbon,2995,4795,1800,PadelGear,3,PadelDeals | PadelGear | World of Padel,improver,,yes,https://www.padelgear.co.za/products/bullpadel-ionic-light-padel-racket-2026,"The Bullpadel Ionic Light 2026 is a padel racket designed especially for women who seek a perfect balance between control and power. Its structure with the XForce system reinforces the frame to offer greater stability and durability, while its teardrop shape and medium balance allow for total versatility on the court. This versatile padel racket is ideal for players who need a technical and comfor"
Bullpadel,2026 Bullpadel Ionic Power,2026,diamond,,high,EVA,,3500,4795,1295,World of Padel,2,PadelDeals | World of Padel,improver,,yes,https://worldofpadel.co.za/product/bullpadel-ionic-power-2026/,The Bullpadel Ionic Power 2026 is a padel racket designed for men who seek a perfect balance between power and control. Its diamond shape with high balance and innovative construction with Glaphite material allow for exceptional acceleration in offensive hits without sacrificing precision. Ideal for players looking to stand out on the court. Intended for young padel stars of intermediate or advanc
Bullpadel,2026 Bullpadel Neuron 02 Cloud,2026,,,,,,5495,5495,0,PadelDeals,1,PadelDeals,intermediate,,yes,https://padeldeals.co.za/products/2026-bullpadel-neuron-02-cloud,"The 2025 Bullpadel Neuron played by Federico Chingotto's racket, is designed for players with quick decision-making and high-level skills. Engineered by the Bullpadel-Lab team, it incorporates advanced technology like the Wave System to enhance control and responsiveness. The racket provides a precise, immediate response with every shot, maximizing the connection between the player's mind and the "
Bullpadel,2026 Bullpadel Pearl by Bea Gonzalez,2026,diamond,355,high,EVA,carbon,4295,5195,900,PadelDeals,2,PadelDeals | World of Padel,intermediate,,yes,https://padeldeals.co.za/products/2026-bullpadel-pearl-by-bea-gonzalez,"Unleash your full potential on the court with the 2024 Bullpadel Pearl, the preferred choice of padel star Bea González. This exceptional womens padel racket seamlessly blends cutting-edge design with advanced technology, delivering unmatched performance and reliability. Engineered for players seeking the perfect balance of power, control, and comfort, the Bullpadel Pearl is your ultimate partner "
Bullpadel,2026 Bullpadel Vertex 05,2026,diamond,360,,EVA,12K carbon,4499,7495,2996,The Padel Market,4,PadelDeals | PadelGear | The Padel Market | World of Padel,improver,,yes,https://thepadelmarket.co.za/products/bullpadel-vertex-05-2026,"About Padel is a game of choices. Power or control. Speed or precision. Agility or stability. But true mastery isn’t about choosing—it’s about having it all. Feeling every movement respond perfectly to your hand. The Vertex 05, designed in collaboration with “El Gato” Juan Tello, delivers that complete experience. Every shot, every reflex, every moment—fully under your control. Experience Total Pl"
Bullpadel,2026 Bullpadel Vertex 05 HYB,2026,,365,,EVA,12K carbon,5695,5695,0,World of Padel,1,World of Padel,intermediate,,yes,https://worldofpadel.co.za/product/2026-bullpadel-vertex-05-hyb/,"About In padel, every point demands strategy, and every shot is a choice. The Vertex 05 Hybrid is built for players who think fast and act faster. It delivers exceptional control in tight exchanges while offering the agility to respond when the pace intensifies. Every movement feels instinctive, every decision becomes an advantage, and every strike works in perfect harmony with your game. Attack, "
Bullpadel,2026 Bullpadel Vertex 05 Women,2026,round,,,EVA,carbon,4495,4495,0,PadelDeals,1,PadelDeals,improver,,yes,https://padeldeals.co.za/products/2026-bullpadel-vertex-05-w,"Vertex 05 Woman – Total Play, Total Freedom Light, agile, and firm, the Vertex 05 Woman is the ultimate all-round racket. Attack, defense, reactivity, and handling—every shot responds exactly as you envision it, giving you a game without limits. Developed in close collaboration with Delfi Brea, our No. 1 player, this racket combines advanced technology with expert experience. Every detail has been"
Bullpadel,2026 Bullpadel Vertex 05 Women Cloud,2026,,,,,,5495,5495,0,PadelDeals,1,PadelDeals,intermediate,,yes,https://padeldeals.co.za/products/2026-bullpadel-vertex-05-women-cloud,
Bullpadel,2026 Bullpadel Vertex Advance,2026,,,,,,2995,2995,0,PadelDeals,1,PadelDeals,improver,,yes,https://padeldeals.co.za/products/2026-bullpadel-vertex-advance,
Bullpadel,2026 Bullpadel Wonder,2026,,350,,EVA,carbon,3990,5999,2009,World of Padel,3,PadelDeals | Virgin Active Padel Club | World of Padel,improver,,yes,https://worldofpadel.co.za/product/2026-bullpadel-wonder/,"Introducing Wonder – Claudia Fernández’s Paddle At just 19 years old, Claudia Fernández is already making her mark at the top of the global padel stage. Known as “The Wonder Girl”, she now inspires a paddle that lives up to her name. Wonder is designed to be fast, lightweight, and incredibly agile, while its innovative ExoFrame structure ensures unmatched stability and power. Every shot feels cris"
Bullpadel,2026 Bullpadel XPLO CMF 26,2026,,,,EVA,carbon,4995,4995,0,World of Padel,1,World of Padel,intermediate,,yes,https://worldofpadel.co.za/product/2026-bullpadel-xplo-cmf-26-2/,"XPLO CMF, a more comfortable playing experience without sacrificing explosive power. Featuring the latest innovations from Bullpadel-Lab, this racket is designed for those who want to dominate the court with total authority, without needing to be an extremely powerful player. The XPLO CMF is ready to put the court at your service, allowing you to enjoy explosive performance with exceptional comfor"
Bullpadel,2027 Bullpadel Pearl by Bea Gonzalez,2027,diamond,355,high,EVA,carbon,5995,5995,0,PadelDeals,1,PadelDeals,intermediate,,yes,https://padeldeals.co.za/products/2027-bullpadel-pearl-by-bea-gonzalez,"Unleash your full potential on the court with the 2024 Bullpadel Pearl, the preferred choice of padel star Bea González. This exceptional womens padel racket seamlessly blends cutting-edge design with advanced technology, delivering unmatched performance and reliability. Engineered for players seeking the perfect balance of power, control, and comfort, the Bullpadel Pearl is your ultimate partner "
Bullpadel,2x 2024 Bullpadel Hack 03 Comfort,2024,diamond,,,EVA,,5295,5295,0,PadelDeals,1,PadelDeals,intermediate,,yes,https://padeldeals.co.za/products/2x-2024-bullpadel-hack-03-comfort,"Elevate your game with the Bullpadel Hack 03 Comfort 24, crafted in collaboration with padel legend Paquito Navarro as part of the 2024 collection. With a diamond-shaped design, it's the go-to racket for players emphasizing power. The Fibrix face ensures an ideal balance of stiffness and flexibility, while the MultiEVA core, featuring two densities, delivers an exceptional playing feel and precise"
Bullpadel,2x 2024 Bullpadel Vertex 04 Women,2024,diamond,,high,,,6495,6495,0,PadelDeals,1,PadelDeals,intermediate,,yes,https://padeldeals.co.za/products/2x-2024-bullpadel-vertex-04-women,"The Bullpadel 2024 Vertex 04 Women padel racket is meticulously crafted for advanced or professional female padel players seeking peak on-court performance. Combining lightweight construction with powerful features, it ensures minimal control loss, delivering optimal performance. The diamond-shaped design and high balance facilitate maximum power and spin generation, beneficial for smashes and lob"
Bullpadel,2x 2025 Bullpadel Hack 04 Hybrid,2025,,,,,,7495,7495,0,PadelDeals,1,PadelDeals,advanced,,yes,https://padeldeals.co.za/products/2x-2025-bullpadel-hack-04-hybrid,"The Bullpadel HACK 04 Hybrid is designed with innovative Total Channel technology and a triple bridge core, offering a balance of power and control, making it ideal for counterattacking players. It emphasizes ""dynamic power,"" delivering maximum responsiveness with every shot. Developed with input from professional players, the HACK 04 Hybrid incorporates new technologies to enhance the playing exp"
Bullpadel,2x 2025 Bullpadel Icon Padel Rackets,2025,,,,,,5795,5795,0,PadelDeals,1,PadelDeals,intermediate,,yes,https://padeldeals.co.za/products/2x-2025-bullpadel-icon-padel-rackets,
Bullpadel,BULLPADEL &#8211; INDIGA CONTROL 2026,2026,,,,,,2200,2200,0,World of Padel,1,World of Padel,beginner,,yes,https://worldofpadel.co.za/product/bullpadel-indiga-control-2026/,"Could you please provide the original product description you’d like me to rewrite? Once I have that, I can craft a 400-word engaging version followed by concise, benefit-focused key features and specifications."
Bullpadel,Bullpadel BP10 Evo 25,,round,,low,EVA,carbon,1999,1999,0,PadelZone,1,PadelZone,beginner,,yes,https://padelzone.co.za/products/bullpadel-bp10-evo-25-padel-racket,"Discover the exceptional precision and control of the Bullpadel BP10 Evo 25, an innovative Padel Racket engineered for intermediate players seeking optimal maneuverability and comfort. Built with revolutionary STReinforce system technology and premium SoftEva core construction, this user-friendly racket delivers the perfect balance of performance and handling for players ready to elevate their gam"
Bullpadel,Bullpadel Elite,,,,,EVA,,3490,3490,0,World of Padel,1,World of Padel,improver,,no,https://worldofpadel.co.za/product/bullpadel-elite-2/,"Bullpadel Elite The Bullpadel Elite W padel racket is a great choice for female padel players who are looking for a racket that offers both performance and comfort. With its advanced technologies and feminine aesthetics, this racket is designed to elevate your game to the next level. One of the standout features of the Bullpadel Elite W racket is its balanced design. The racket combines power and "
Bullpadel,Bullpadel Elite W 2026 Padel Racket – Gemma Triay,2026,teardrop,360,,EVA,carbon,4999,4999,0,The Padel Market,1,The Padel Market,intermediate,,no,https://thepadelmarket.co.za/products/bullpadel-elite-w-2026,"Elegance on the Court. Performance in Every Shot. By Gemma Triay. The Padel Market Playing Profile Teardrop · Control · Intermediate Power Medium Control Very high Comfort Very high Manoeuvrability Very high Shape Teardrop Level Intermediate Description The Bullpadel Elite W 2026 is a control-oriented women's padel racket from Bullpadel's Elite line, designed with Gemma Triay. Its lighter balance,"
Bullpadel,Bullpadel Elite W 24,,teardrop,,,EVA,3K carbon,3445,3445,0,Africa Padel,1,Africa Padel,improver,,yes,https://africapadelshop.com/products/bullpadel-elite-w-24,"Introducing the new Bullpadel Elite Woman, a choice endorsed by none other than Gemma Triay, the World No 3 Ladies player. With such a prestigious ambassador, the Elite lives up to its name, embodying excellence in design, power, and control. The Elite stands as the top-of-the-range Teardrop shape racket from Bullpadel. Apart from the striking two tone colours, with white on one side and black on "
Bullpadel,Bullpadel Elite W 26,2026,,350,,EVA,carbon,4195,5999,1804,PadelDeals,3,PadelDeals | PadelZone | World of Padel,intermediate,,yes,https://padeldeals.co.za/products/2026-bullpadel-elite-w-26,"Elite – The Racket of World No.1 Gemma Triay Created for the player who demands everything—style, control, and power—Elite is the ultimate expression of performance with elegance. Inspired by Gemma Triay, the world’s No.1, it embodies her dominance and sophistication both on and off the court. On court, its hybrid shape gives you the versatility to command every point with precision and authority."
Bullpadel,Bullpadel Elite W | 2025,2025,teardrop,,,EVA,carbon,3995,3995,0,World of Padel,1,World of Padel,improver,,yes,https://worldofpadel.co.za/product/bullpadel-elite-w-2025/,"Bullpadel Elite W | 2025 Experience elite performance with the Bullpadel Elite W 2025 , the signature racket of World No. 3 Gemma Triay. This top-tier padel racket combines explosive power with precise control, wrapped in a sleek, maneuverable design tailored for advanced female players. Built for Champions The Bullpadel Elite W is crafted in a refined teardrop/hybrid shape , offering an ideal bal"
Bullpadel,Bullpadel Flow 2024,2024,diamond,345,,EVA,carbon,3799,3799,0,World of Padel,1,World of Padel,improver,,no,https://worldofpadel.co.za/product/bullpadel-flow-2/,"Bullpadel Flow 2024 Introducing the newest addition to Alejandra Salazar’s 2024 racket lineup – The Flow racket. Engineered for professional and advanced-level female players, this lightweight diamond-shaped model showcases exceptional potential with its cutting-edge FlowForce core. Crafted with a hybrid Fibrix fiber outer layer featuring a textured 3D Grain finish, the Flow racket elevates shot e"
Bullpadel,Bullpadel Flow Legend,2026,diamond,350,,EVA,carbon,3990,5995,2005,World of Padel,4,PadelDeals | PadelGear | PadelZone | World of Padel,intermediate,,yes,https://worldofpadel.co.za/product/2026-bullpadel-flow-legend/,"Flow 26 – Designed for Greatness With 25 years at the top of world padel, Alejandra Salazar has written history: 4-time World No.1, 7 World Championships, and more than 60 international titles. The Flow 26 is a tribute to her extraordinary career. The racket that carried her through her greatest triumphs now returns in an exclusive black finish with golden engravings—capturing every victory, every"
Bullpadel,Bullpadel Flow Light 25,,round,,low,soft EVA,carbon,1699,1699,0,PadelZone,1,PadelZone,beginner,,yes,https://padelzone.co.za/products/bullpadel-flow-light-25-padel-racket,"The Flow Light 25 is made to be nice and light with a round shape and low balance. All this culminates into an extremely maneuverable Padel Racket with ample power and control. Bullpadel is known for being one of the leaders in Padel Equipment manufacturing. They stand for high-performance Padel Rackets and fashionable functionality in clothing and equipment such as Padel Balls , Padel Accessories"
Bullpadel,Bullpadel Flow | 2025,2025,diamond,,,EVA,carbon,3199,3199,0,World of Padel,1,World of Padel,improver,,no,https://worldofpadel.co.za/product/bullpadel-flow-2025/,"Bullpadel Flow 2025 The Bullpadel Flow 2025 is a diamond-shaped padel racket designed to deliver a natural fluidity and grace to every shot. Inspired by Alejandra Salazar’s style, this racket combines innovative technology with elegant design, perfect for players seeking control and finesse on the court. Aerodynamic Design for Effortless Play Featuring the FlowForce heart, the Bullpadel Flow allow"
Bullpadel,Bullpadel Hack 04,2025,diamond,365,,EVA,18K carbon,3995,5115,1120,PadelDeals,3,Africa Padel | PadelDeals | World of Padel,improver,,yes,https://padeldeals.co.za/products/2025-bullpadel-hack-04,"The Bullpadel Hack 04 2025, designed for advanced players, is a high-end padel racket endorsed by Paquito Navarro. It offers speed, power, and agility, featuring an exclusive Total Channel and an enhanced sweet spot for easier shot acceleration. Ideal for fast-paced play, the Hack 04 enables players to dominate the court with explosive shots. FEATURES Total Channel : Perimeter channel reduces air "
Bullpadel,Bullpadel Hack 04 - 25,,round,,,EVA,18K carbon,4479,4479,0,Virgin Active Padel Club,1,Virgin Active Padel Club,improver,,yes,https://virginactivepadelclub.co.za/products/bullpadel-hack-04-25,"The Hack range, with a decade of development, has left an indelible mark on the history of the courts. A leader in sales and a bearer of a revolutionary approach, the Hack has always been a symbol of raw power. Now, it redefines its playing experience with a new concept: dynamic power. The relentless pursuit of perfection is the driving force behind all athletes. In our quest to facilitate play fo"
Bullpadel,Bullpadel Hack 04 2026 Padel Racket,2026,diamond,375,,EVA,18K carbon,4499,5995,1496,The Padel Market,2,PadelGear | The Padel Market,intermediate,,yes,https://thepadelmarket.co.za/products/bullpadel-hack-04-2026,"The Hack range, with a 10-year history of development, has left an indelible mark on the history of the court. A best-seller and a pioneer of a revolutionary approach, the Hack has always been a standard-bearer of raw power. Now it redefines your playing experience with a new concept: dynamic power. We define dynamic power as the power generated through the speed generated by the player’s movement"
Bullpadel,Bullpadel Hack 04 26,2026,diamond,365,,EVA,18K carbon,5200,7299,2099,World of Padel,4,PadelDeals | PadelZone | Virgin Active Padel Club | World of Padel,intermediate,,yes,https://worldofpadel.co.za/product/2026-bullpadel-hack-04-26/,"Unleash speed, power, and precision with the new HACK 04 – a racket built for players who thrive on fast, aggressive play. Its exclusive Total Channel and enlarged sweet spot let you accelerate every shot with ease, transforming your energy into unstoppable ball control. Perfect for those who demand agility, power, and responsiveness in every swing, the HACK 04 takes your game to the next level. T"
Bullpadel,Bullpadel Hack 04 Comfort 2026 Padel Racket,2026,diamond,375,high,EVA,carbon,5499,6495,996,World of Padel,3,PadelGear | The Padel Market | World of Padel,intermediate,,yes,https://worldofpadel.co.za/product/bullpadel-hack-04-comfort-2026-padel-racket/,"The Hack 04 Comfort racket is made with the most advanced materials and cutting edge technology. This racket offers a perfect balance of power and control. Its shape provides a wide hitting area at the top, allowing you to hit precise and effective attacking shots. The Fibrix face and MultiEVA core gives it a comfortable feel when striking the ball. WEIGHT: 360-370 GRAMS SHAPE: DIAMOND BALANCE: HI"
Bullpadel,Bullpadel Hack 04 Comfort 26,,diamond,,,EVA,carbon,5799,5799,0,PadelZone,1,PadelZone,intermediate,,yes,https://padelzone.co.za/products/bullpadel-hack-04-comfort-26-padel-racket,"Play fast and comfortable with the Bullpadel Hack 04 Comfort 26, the diamond-shaped Padel Racket engineered for accelerating attacks with ease. Made with revolutionary Total Channel technology and Fibrix material, this advanced racket combines explosive power with superior comfort, allowing you to dominate with speed and confidence in your Padel game without sacrificing the comfort needed for exte"
Bullpadel,Bullpadel Hack 04 Hybrid 25 Padel Racket,,diamond,,,EVA,carbon,4999,4999,0,PadelZone,1,PadelZone,intermediate,,yes,https://padelzone.co.za/products/bullpadel-hack-04-hybrid-padel-racket,Unleash your attack with maximum responsiveness using the Bullpadel Hack 04 Hybrid. Made in a format that assists the player with their counter attacks by combining dynamic power with control. Just like the diamond shaped Padel Racket the hybrid is made with all Bullpadel's top technologies. Bullpadel is known for being one of the leaders in Padel Equipment manufacturing. They stand for high-perfo
Bullpadel,Bullpadel Hack 04 Hybrid 26,2026,round,365,,EVA,18K carbon,5699,7299,1600,World of Padel,2,PadelZone | World of Padel,intermediate,,yes,https://worldofpadel.co.za/product/2026-bullpadel-hack-04-hybrid-26/,"About The HACK 04 Hybrid is engineered for players who dominate the counterattack. Its hybrid shape, combined with Total Channel technology and a triple bridge at the heart, delivers the perfect balance of control and power. Every shot feels explosive yet precise, letting you take full advantage of the racket’s exceptional responsiveness and agility. Technologies: Total Channel, Tricore, Air React"
Bullpadel,Bullpadel Hack 04 Newgiza P2,,diamond,,high,EVA,18K carbon,8799,8799,0,PadelZone,1,PadelZone,advanced,,yes,https://padelzone.co.za/products/bullpadel-hack-04-newgiza-p2-padel-racket,"The Bullpadel Hack 04 Newgiza P2 is a diamond-shaped Padel Racket built for professional players who want dynamic power and a firmer attacking feel. Inspired by the pyramids of Egypt, this limited edition turns the Hack 04 into a statement racket for players who like to impose themselves. Bullpadel has made the Hack line a benchmark for aggressive performance, with Paquito Navarro’s influence visi"
Bullpadel,Bullpadel Icon 26,,diamond,370,,EVA,12K carbon,5199,6299,1100,World of Padel,2,PadelZone | World of Padel,intermediate,,yes,https://worldofpadel.co.za/product/bullpadel-hack-advance-padel-racket/,"Write your own history with the Bullpadel Icon 26, the legendary diamond-shaped Padel Racket paying tribute to Juan Martín Díaz's greatness. Made with revolutionary Torsion Concept technology and X-Tend Carbon 12K construction, this professional weapon delivers exceptional versatility and performance for players seeking to dominate with the same spirit as the 14-year world number one in their Pade"
Bullpadel,Bullpadel Indiga 2026 padel racket,2026,,,,,,2200,2200,0,World of Padel,1,World of Padel,beginner,,yes,https://worldofpadel.co.za/product/bullpadel-indiga-2026-padel-racket/,"It looks like the product description itself wasn’t included. Could you please share the text you’d like me to rewrite and enhance? Once I have that, I’ll craft a 400-word engaging version plus concise, benefit-focused key features and specifications."
Bullpadel,Bullpadel Indiga Boy 2024,2024,teardrop,,,EVA,carbon,1195,1195,0,World of Padel,1,World of Padel,beginner,,no,https://worldofpadel.co.za/product/bullpadel-indiga-boy-2/,"Bullpadel Indiga Boy 2024 Made specifically for our young boys who love the game, the Indiga Boy Padel Racket has been developed by Bullpadel to be easy to maneuver and offer the lightweight package necessary for our kids to play at their best. This Padel Racket sports some cool colours that our boys can appreciate, while at its core the perfect technologies are present for this type of player. Sp"
Bullpadel,Bullpadel Indiga Boy 25,,,,,EVA,,1399,1599,200,PadelZone,2,PadelZone | World of Padel,beginner,,yes,https://padelzone.co.za/products/bullpadel-indiga-boy-25-padel-racket,"The all-new Indiga Boy 25 is here, with a new style makeover and performance to match, Bullpadel have made this Padel Racket specifically for our young boys who love Padel. D eveloped to be easy to maneuver and offer the lightweight package necessary for our kids to play at their best. This racket sports some cool colours that our boys can appreciate, while at its core the perfect technologies are"
Bullpadel,Bullpadel Indiga Boy 26,,teardrop,,medium,EVA,carbon,1499,1499,0,PadelZone,1,PadelZone,beginner,,yes,https://padelzone.co.za/products/bullpadel-indiga-boy-26-junior-padel-racket,"The Bullpadel Indiga Boy 26 Junior Padel Racket is a teardrop-shaped Padel Racket built for younger players developing a balanced all-court game. It gives developing players a forgiving platform with the control, comfort and clean response needed to build better habits on court. Bullpadel has built its reputation around practical Spanish Padel design, and this 2026 model keeps that focus clear. Th"
Bullpadel,BULLPADEL INDIGA CONTROL,2026,round,,,EVA,carbon,1499,2495,996,World of Padel,2,PadelDeals | World of Padel,beginner,,yes,https://worldofpadel.co.za/product/bullpadel-indiga-control/,"BULLPADEL INDIGA CONTROL The Bullpadel Indiga Control is expertly designed for players seeking high precision and comfort on the padel court. With its round shape and large sweet spot, this racket is ideal for beginners and intermediate players who want full control over their game without compromising on feel. Built with a SoftEVA core , the Indiga Control absorbs vibration while offering excelle"
Bullpadel,Bullpadel Indiga Control 25,,round,,,EVA,carbon,1499,1499,0,World of Padel,1,World of Padel,beginner,,no,https://worldofpadel.co.za/product/bullpadel-indiga-control-25/,"Bullpadel Indiga Control 25 The Indiga Control 25, crafted by Bullpadel, is designed to be light in hand and offer exceptional comfort on every shot, with an emphasis on increased control. This round-shaped, low-balance Padel racket is ideal for beginner players looking to take charge of their game. Bullpadel is a leading name in Padel equipment, known for producing high-performance rackets and st"
Bullpadel,Bullpadel Indiga Control 25 Bundle,,round,,,EVA,carbon,2999,2999,0,World of Padel,1,World of Padel,improver,,no,https://worldofpadel.co.za/product/bullpadel-indiga-control-25-bundle/,"Bullpadel Indiga Control 25 Bundle The Indiga Control 25, crafted by Bullpadel, is designed to be light in hand and offer exceptional comfort on every shot, with an emphasis on increased control. This round-shaped, low-balance Padel racket is ideal for beginner players looking to take charge of their game. Bullpadel is a leading name in Padel equipment, known for producing high-performance rackets"
Bullpadel,Bullpadel Indiga Control 26,,round,,low,soft EVA,carbon,2299,2299,0,PadelZone,1,PadelZone,beginner,,yes,https://padelzone.co.za/products/bullpadel-indiga-control-26-padel-racket,"The Bullpadel Indiga Control 26 Padel Racket is a round-shaped Padel Racket built for players who value control, stability and confidence on placement shots. It gives developing players a forgiving platform with the control, comfort and clean response needed to build better habits on court. Bullpadel has built its reputation around practical Spanish Padel design, and this 2026 model keeps that foc"
Bullpadel,Bullpadel Indiga CTR 2025,2025,round,,low,foam,carbon,1749,1749,0,Virgin Active Padel Club,1,Virgin Active Padel Club,beginner,,no,https://virginactivepadelclub.co.za/products/bullpadel-indiga-ctr-2025,"The Bullpadel Indiga CTR 2025 Padel Racket is the perfect choice for players who prioritise control, comfort, and ease of play . Designed for beginner to intermediate players, as well as those who enjoy padel recreationally, this racket offers a smooth and forgiving playing experience. Its round shape and low balance provide excellent control, helping you place the ball accurately and build confid"
Bullpadel,Bullpadel Indiga Girl 2024,2024,teardrop,,,EVA,carbon,1195,1195,0,World of Padel,1,World of Padel,beginner,,no,https://worldofpadel.co.za/product/bullpadel-indiga-girl-2/,"Bullpadel Indiga Girl 2024 The Indiga Girl has been developed by Bullpadel for our kids who are just starting to play Padel and want to learn the proper techniques from the get-go. This Padel Racket sports some interesting colours to keep our girls interested while at its core the perfect technologies are present for this type of player. Sporting a thinner profile, reduced weight and the Bullpadel"
Bullpadel,Bullpadel Indiga Girl 25,,teardrop,,medium,EVA,fibreglass,1599,1599,0,PadelZone,2,PadelZone | World of Padel,beginner,,yes,https://padelzone.co.za/products/bullpadel-indiga-girl-25-padel-racket,"Introducing the vibrant Bullpadel Indiga Girls 25, a specially designed junior Padel Racket crafted for young players beginning their Padel journey. Built with innovative Grip Zone technology and premium Evalastic core construction, this colourful racket features perfect technology to teach shot technique in an easier and faster way. The Indiga Girls 25 features a teardrop shape with medium balanc"
Bullpadel,Bullpadel Indiga Girl 26,,teardrop,,medium,EVA,carbon,1499,1499,0,PadelZone,1,PadelZone,beginner,,yes,https://padelzone.co.za/products/bullpadel-indiga-girl-26-junior-padel-racket,"The Bullpadel Indiga Girl 26 Junior Padel Racket is a teardrop-shaped Padel Racket built for younger players developing a balanced all-court game. It gives developing players a forgiving platform with the control, comfort and clean response needed to build better habits on court. Bullpadel has built its reputation around practical Spanish Padel design, and this 2026 model keeps that focus clear. T"
Bullpadel,Bullpadel Indiga Power 26,,diamond,,high,soft EVA,carbon,2299,2299,0,PadelZone,1,PadelZone,beginner,,yes,https://padelzone.co.za/products/bullpadel-indiga-power-26-padel-racket,"The Bullpadel Indiga Power 26 Padel Racket is a diamond-shaped Padel Racket built for players who want easier power and a more attacking feel. It gives developing players a forgiving platform with the control, comfort and clean response needed to build better habits on court. Bullpadel has built its reputation around practical Spanish Padel design, and this 2026 model keeps that focus clear. The c"
Bullpadel,Bullpadel Indiga W 2025,2025,round,350,low,EVA,carbon,1749,1749,0,Virgin Active Padel Club,1,Virgin Active Padel Club,beginner,,no,https://virginactivepadelclub.co.za/products/bullpadel-indiga-w-2025,"The Bullpadel Indiga W 2025 Padel Racket is designed specifically for women who are starting out or playing padel recreationally, offering the perfect balance of control, comfort, and lightweight performance . With its round shape and low balance , this racket prioritises precision and stability, making it easier to control the ball and build confidence on the court. The ultra-lightweight design ("
Bullpadel,Bullpadel Indiga W 25,,,,,EVA,carbon,1499,1499,0,World of Padel,1,World of Padel,beginner,,no,https://worldofpadel.co.za/product/bullpadel-indiga-w-25/,"Bullpadel Indiga W 25 The ultra-light Indiga W has been expertly designed by Bullpadel for beginner female players who prioritize exceptional feel and comfort on the court. This highly enjoyable Padel racket offers outstanding control and playability, making it an excellent choice for those just starting their Padel journey. Bullpadel is renowned for being a leader in Padel equipment manufacturing"
Bullpadel,Bullpadel Indiga W 25 bundle,,,,,EVA,carbon,2999,2999,0,World of Padel,1,World of Padel,improver,,no,https://worldofpadel.co.za/product/bullpadel-indiga-w-25-bundle/,"Bullpadel Indiga W 25 bundle The ultra-light Indiga W has been expertly designed by Bullpadel for beginner female players who prioritize exceptional feel and comfort on the court. This highly enjoyable Padel racket offers outstanding control and playability, making it an excellent choice for those just starting their Padel journey. Bullpadel is renowned for being a leader in Padel equipment manufa"
Bullpadel,Bullpadel Indiga W 26,,round,,low,soft EVA,carbon,2299,2299,0,PadelZone,1,PadelZone,beginner,,yes,https://padelzone.co.za/products/bullpadel-indiga-w-26-padel-racket,"The Bullpadel Indiga W 26 Padel Racket is a round-shaped Padel Racket built for players who value control, stability and confidence on placement shots. It gives developing players a forgiving platform with the control, comfort and clean response needed to build better habits on court. Bullpadel has built its reputation around practical Spanish Padel design, and this 2026 model keeps that focus cle"
Bullpadel,Bullpadel Ionic Control 25,,round,,low,EVA,carbon,2999,2999,0,PadelZone,1,PadelZone,improver,,yes,https://padelzone.co.za/products/bullpadel-ionic-control-25,"Introducing the all-new Bullpadel Ionic Control 25, a revolutionary Padel Racket designed for intermediate to advanced level players seeking ultimate precision and control. This round-shaped racket features the innovative XForce system and low balance design, delivering exceptional manoeuvrability and defensive capabilities that will elevate your Padel game to new heights. Bullpadel continues to e"
Bullpadel,Bullpadel Ionic Control 26,,round,,high,EVA,carbon,4499,4499,0,PadelZone,1,PadelZone,improver,,yes,https://padelzone.co.za/products/bullpadel-ionic-control-26-padel-racket,"The Bullpadel Ionic Control 26 Padel Racket is a round-shaped Padel Racket built for players who value control, stability and confidence on placement shots. It gives developing players a forgiving platform with the control, comfort and clean response needed to build better habits on court. Bullpadel has built its reputation around practical Spanish Padel design, and this 2026 model keeps that focu"
Bullpadel,Bullpadel Ionic Light 2024,2024,round,,,EVA,carbon,3000,3000,0,World of Padel,1,World of Padel,improver,,no,https://worldofpadel.co.za/product/bullpadel-ionic-light/,"Bullpadel Ionic Light 2024 Step up your game with the Bullpadel Ionic Light 2024 , a padel racket crafted for players who prioritize speed, precision, and comfort . Designed with a lightweight frame and balanced performance, this racket delivers exceptional control and easy handling, making it ideal for players who like to move fast and think smart. Perfect for intermediate to advanced-level playe"
Bullpadel,Bullpadel Ionic Light 25,,,,,EVA,carbon,2799,2799,0,PadelZone,1,PadelZone,improver,,yes,https://padelzone.co.za/products/bullpadel-ionic-light-25-padel-racket,"For a lightweight and powerful experience, introducing the all-new Ionic Light 25 by Bullpadel. This Padel Racket is as the name suggests, an iconic example of power and maneuverability in a lightweight package and fresh, stylish design. Bullpadel is known for being one of the leaders in Padel Equipment manufacturing. They stand for high-performance Padel Rackets and fashionable functionality in c"
Bullpadel,Bullpadel Ionic Light 26,,round,,medium,EVA,carbon,3799,3799,0,PadelZone,1,PadelZone,improver,,yes,https://padelzone.co.za/products/bullpadel-ionic-light-26-padel-racket,"The Bullpadel Ionic Light 26 Padel Racket is a hybrid-shaped Padel Racket built for players who want quick handling with enough punch to finish points. It gives developing players a forgiving platform with the control, comfort and clean response needed to build better habits on court. Bullpadel has built its reputation around practical Spanish Padel design, and this 2026 model keeps that focus cle"
Bullpadel,Bullpadel Ionic Power 25,,diamond,,high,EVA,carbon,2999,2999,0,PadelZone,1,PadelZone,improver,,yes,https://padelzone.co.za/products/bullpadel-ionic-power-25,"The Bullpadel Ionic Power 25 is a diamond-shaped Padel Racket designed for medium to advanced-level players who crave power from every corner of the court. Part of the Ionic series within the Bullpadel 2025 lineup, this racket combines aggressive geometry with accessible playability, making it an excellent choice for attacking players looking to elevate their game. Browse the full range of Padel R"
Bullpadel,Bullpadel K2 Power 25,,diamond,,,EVA,carbon,1999,1999,0,PadelZone,1,PadelZone,beginner,,yes,https://padelzone.co.za/products/bullpadel-k2-power-25-padel-racket,"Introducing the K2 Power 25 by Bullpadel. This is their all-new power platform for the player looking to make their mark on the court. With the epic touch from their SoftEva Core, coupled with the diamond-shaped frame, make this Padel Racket perfect for that forward moving player ready to attack each point. Bullpadel is known for being one of the leaders in Padel Equipment manufacturing. They stan"
Bullpadel,Bullpadel Neuron 02,2026,round,375,,EVA,3K carbon,4795,6999,2204,PadelDeals,6,PadelDeals | PadelGear | PadelZone | The Padel Market | Virgin Active Padel Club | World of Padel,intermediate,,yes,https://padeldeals.co.za/products/2026-bullpadel-neuron-02,"Neuron 02 – Engineered for Total Control Created by the Bullpadel Lab, the Neuron 02 is designed for players who demand absolute precision and stability on the court. Its advanced structure anticipates every situation, delivering consistent control and confidence with each shot. The innovative PrismLock frame minimizes twisting and reinforces stability, while its balanced design ensures smooth man"
Bullpadel,Bullpadel Neuron 02 Edge,2026,round,375,,EVA,3K carbon,4499,6995,2496,The Padel Market,5,PadelDeals | PadelGear | PadelZone | The Padel Market | World of Padel,intermediate,,yes,https://thepadelmarket.co.za/products/bullpadel-neuron-02-edge-2026,"Neuron 02 Edge – Precision at the Speed of Thought The Neuron 02 Edge is the only racket fast and precise enough to match the strategic brilliance of Fede Chingotto. Developed by the Bullpadel Lab, this model pushes design to the limit—built for players who anticipate, react, and decide each point in an instant. Every detail has been engineered for absolute accuracy and uncompromising performance."
Bullpadel,Bullpadel Neuron 2025 &#8211; 3k Padel Racket,2025,teardrop,,,EVA,3K carbon,3799,3799,0,World of Padel,1,World of Padel,improver,,no,https://worldofpadel.co.za/product/bullpadel-neuron-2025-3k-padel-racket/,"Bullpadel Neuron 2025 – 3K Padel Racket The Bullpadel Neuron 2025 is a specialised teardrop-shaped padel racket favoured by WPT star Fede Chingotto. Designed for players seeking a perfect balance of power and control, the Neuron delivers outstanding performance through innovative frame technology and premium materials. Innovative Technology for Peak Performance The Bullpadel Neuron 2025 features t"
Bullpadel,Bullpadel Neuron 25 Padel Racket,,round,,,EVA,3K carbon,3499,3499,0,PadelZone,1,PadelZone,improver,,yes,https://padelzone.co.za/products/bullpadel-neuron-25-padel-racket,"Developed by the Bullpadel-Lab team to have the latest technology like the Wave system coupled with a X-Tend Carbon 3K face give the Neuron it's unique feel with extremely high levels of control. The official Padel Racket used by Fede Chingotto, this racket is here to give you an immediate and precise response with every shot. Bullpadel is known for being one of the leaders in Padel Equipment manu"
Bullpadel,Bullpadel Pearl,2025,diamond,355,high,EVA,carbon,2999,4155,1156,PadelZone,4,Africa Padel | PadelDeals | PadelZone | World of Padel,improver,,yes,https://padelzone.co.za/products/bullpadel-pearl-padel-racket,"Unleash your full potential on the court with the 2024 Bullpadel Pearl, the preferred choice of padel star Bea González. This exceptional womens padel racket seamlessly blends cutting-edge design with advanced technology, delivering unmatched performance and reliability. Engineered for players seeking the perfect balance of power, control, and comfort, the Bullpadel Pearl is your ultimate partner "
Bullpadel,Bullpadel Pearl 2026,2026,diamond,,,EVA,carbon,6299,6495,196,PadelZone,3,PadelGear | PadelZone | Virgin Active Padel Club,intermediate,,yes,https://padelzone.co.za/products/bullpadel-pearl-2026-padel-racket,"Introducing the new Pearl, Bea González's racket, with which you'll discover what it means to play with effortless power. Because it's not just about hitting hard, but doing so with naturalness, ease, and confidence. Designed for players who, like Bea, combine power, agility, and self-confidence on the court, Pearl responds with incredible speed and a comfortable feel from the first shot. Its aero"
Bullpadel,Bullpadel Vertex 04,2025,diamond,365,,EVA,12K carbon,3499,5395,1896,World of Padel,3,Africa Padel | PadelDeals | World of Padel,improver,,yes,https://worldofpadel.co.za/product/bullpadel-vertex-04-2/,"The 2025 Bullpadel VERTEX 04 Hybrid racket is designed for players seeking a balance of speed, reactivity, and control, especially from the back of the court. It features a lower, more manageable balance and offers 10% more reactivity, 7.2% more rigidity, 23% improved aerodynamics, and an 8% larger sweet spot. This racket is ideal for players aiming to elevate their game with precision and control"
Bullpadel,Bullpadel Vertex 04 25,,,,,EVA,12K carbon,4479,4479,0,Virgin Active Padel Club,1,Virgin Active Padel Club,improver,,yes,https://virginactivepadelclub.co.za/products/bullpadel-vertex-04-25,"The best VERTEX in history to make a difference on the court. The best-selling racquet on the market, setting a new future in playability. The pursuit of perfection is a philosophy shared by all athletes. Our mission is to simplify their path, and for this, we developed the new Vertex line, the total racquet, designed to adapt to any playing style without compromise. Innovation is one of the funda"
Bullpadel,Bullpadel Vertex 04 Comfort,,diamond,360,,soft EVA,carbon,3599,3745,146,World of Padel,2,Africa Padel | World of Padel,improver,,yes,https://worldofpadel.co.za/product/bullpadel-vertex-04-comfort-2/,"The Bullpadel Vertex 04 Comfort is the go-to choice for padel players who want maximum power without sacrificing comfort. As part of the renowned Vertex series, this model retains the aggressive, diamond-shaped design and pro-level playability—but adds a soft feel that reduces vibration and protects the player’s joints. Ideal for intermediate to advanced players, this Comfort version features a Fi"
Bullpadel,Bullpadel Vertex 04 Comfort Pack,,diamond,365,high,EVA,,5999,5999,0,World of Padel,1,World of Padel,intermediate,,yes,https://worldofpadel.co.za/product/bullpadel-vertex-04-comfort-pack/,"Bullpadel Vertex 04 Comfort Pack Take your padel performance to the next level with the Bullpadel Vertex 04 Comfort Pack , designed for advanced players who demand power, precision, and reliability. This exclusive set includes the elite Bullpadel Vertex 04 Comfort racket, a premium Vertex rucksack, high-performance Next Pro balls, and overgrips — giving you everything you need to dominate from the"
Bullpadel,Bullpadel Vertex 04 Hybrid,,teardrop,,medium,EVA,12K carbon,4125,4125,0,Africa Padel,1,Africa Padel,improver,,yes,https://africapadelshop.com/products/bullpadel-vertex-04-hybrid-2024,"A completely new racket to the Bullpadel range, the Bullpadel Vertex 04 Hybrid is a Round/Teardrop (Hybrid) shaped racket, with a medium balance, that skilfully balances power and control. The rough Topspin surface allows for excellent spin and cut on your shots when needed. The Vertex 04 Hybrid features the new Air Power System, which is a lighter, more aerodynamic frame, which is structurally mo"
Bullpadel,BULLPADEL VERTEX 04 HYBRID 25,,,,,EVA,,5596,5596,0,Virgin Active Padel Club,1,Virgin Active Padel Club,intermediate,,yes,https://virginactivepadelclub.co.za/products/bullpadel-vertex-hybrid-04-2025,"Designed for those who seek to dominate every point with the perfect combination of speed, responsiveness, and control, the VERTEX 04 redefines the total game. Now in its hybrid version, this racquet offers a lower, more manageable balance, ideal for players who prefer control from the back of the court. With 10% more responsiveness, 7.2% more stiffness, 23% better aerodynamics, and an 8% larger s"
Bullpadel,Bullpadel Vertex 04 W,,diamond,,high,EVA,carbon,3225,3225,0,Africa Padel,1,Africa Padel,improver,,yes,https://africapadelshop.com/products/bullpadel-vertex-04-w-2024,"The Bullpadel Vertex W is used by the talented WPT star, Delfi Brea. Unleash your power on the Padel court with the Bullpadel Vertex 04 Woman, a lightweight diamond-shaped racket with a rough Topspin surface that is meticulously designed to provide maximum power without compromising control. At the heart of the Vertex 04 Woman is the innovative Air Power System, a feature that not only lightens th"
Bullpadel,Bullpadel Vertex 05 26,,diamond,,,EVA,12K carbon,5999,7299,1300,PadelZone,2,PadelZone | Virgin Active Padel Club,intermediate,,yes,https://padelzone.co.za/products/bullpadel-vertex-05-26-padel-racket,"Experience total play with the Vertex 05 26, the most complete diamond-shaped Padel Racket ever created by Bullpadel. Made with revolutionary Curv:Aktiv technology and Air Power system, this professional-level racket delivers unmatched versatility for players who refuse to compromise between power and control in their Padel game. Bullpadel stands as one of the most respected names in Padel Equipme"
Bullpadel,Bullpadel Vertex 05 Comfort,2026,diamond,360,,EVA,carbon,5749,5799,50,World of Padel,2,PadelZone | World of Padel,intermediate,,yes,https://worldofpadel.co.za/product/bullpadel-vertex-05-comfort-2026/,"Experience effortless performance with the Bullpadel Vertex 05 Comfort, the lightweight diamond-shaped Padel Racket engineered for players looking for the ultimate in control.. Made with innovative Fibrix technology and optimised Curv:Aktiv system, this advanced racket delivers comfortable handling and greater forgiveness without sacrificing the versatile performance that defines the iconic Vertex"
Bullpadel,Bullpadel Vertex 05 Geo,2026,diamond,360,,EVA,3K carbon,4499,6995,2496,The Padel Market,5,PadelDeals | PadelGear | PadelZone | The Padel Market | World of Padel,intermediate,,yes,https://thepadelmarket.co.za/products/bullpadel-vertex-05-geo-2026,"About Power or control? Speed or precision? Attack or defense? With the Vertex 05 GEO, you don’t compromise—you take it all to the extreme.Pablo Cardona’s new racket pushes the Vertex legacy further than ever, built for players whose game thrives on intensity and aggression. This is the most daring, most offensive Vertex yet. Its new geometric design expands the hitting surface, delivering a large"
Bullpadel,Bullpadel Vertex 05 Hybrid,2026,teardrop,375,,EVA,12K carbon,5495,7495,2000,PadelDeals,4,PadelDeals | PadelGear | PadelZone | The Padel Market,intermediate,,yes,https://padeldeals.co.za/products/2026-bullpadel-vertex-05-hyb,"Play with tactical intelligence using the Bullpadel Vertex 05 Hybrid, the perfectly balanced Padel Racket engineered for complete versatility. Made with optimised Curv:Aktiv technology and Air Power system, this professional racket delivers exceptional control in demanding exchanges whilst maintaining the ability to react when pace increases, making every decision an advantage in your Padel game. "
Bullpadel,Bullpadel Vertex 05 W,2026,diamond,360,,EVA,carbon,4899,6299,1400,The Padel Market,3,PadelZone | The Padel Market | World of Padel,intermediate,,yes,https://thepadelmarket.co.za/products/bullpadel-vertex-05-w-2026,"Vertex 05 Woman – Total Play, Total Freedom Light, agile, and firm, the Vertex 05 Woman is the ultimate all-round racket. Attack, defense, reactivity, and handling—every shot responds exactly as you envision it, giving you a game without limits. Developed in close collaboration with Delfi Brea, our No. 1 player, this racket combines advanced technology with expert experience. Every detail has been"
Bullpadel,Bullpadel Vertex 05 Woman | 2026,2026,diamond,350,,EVA,carbon,6495,6495,0,PadelGear,1,PadelGear,intermediate,,yes,https://www.padelgear.co.za/products/bullpadel-vertex-05-woman-2026,"Vertex 05 Woman, light enough to fly on the court and play freely, agile enough to react instantly, and firm enough to withstand every impact, is a complete racket: attack, defense, handling, reactivity... a game without borders. Each reflex, decision, and point... Vertex 05 Woman responds to everything just as you imagine it. Created with a constant obsession to reach the top, through a process o"
Bullpadel,Bullpadel Vertex JR 25,,diamond,,,EVA,carbon,1599,1599,0,PadelZone,1,PadelZone,beginner,,yes,https://padelzone.co.za/products/bullpadel-vertex-jr-25-padel-racket,"The Bullpadel Vertex Junior 25 is the perfect Padel Racket for young players looking to take their game to the next level. Designed with juniors in mind, this racket offers an ideal balance of power, control and comfort, helping young athletes develop their skills with confidence. Inspired by Bullpadel’s professional Vertex series, the Junior 25 features a diamond-shaped head that gives easy acces"
Bullpadel,Bullpadel Vertex Jr 26 Boy,,diamond,,medium,EVA,fibreglass,1999,1999,0,PadelZone,1,PadelZone,beginner,,yes,https://padelzone.co.za/products/bullpadel-vertex-jr-boy-26-padel-racket,"The Bullpadel Vertex Jr Boy 26 is built for the young player who has outgrown a forgiving teardrop and wants the shape the pros swing. It sits in our Padel rackets range as a junior frame with adult ambitions: a diamond head, a medium balance, and a weight that lands between 335 and 345 grams. If your junior trains hard and already competes, this is the transition tool before full adult kit. The d"
Bullpadel,Bullpadel Wonder 26,,round,,,EVA,carbon,5999,5999,0,PadelZone,1,PadelZone,intermediate,,yes,https://padelzone.co.za/products/bullpadel-wonder-26-padel-racket,"Experience the magic of youth with the Bullpadel Wonder 26, the lightweight hybrid Padel Racket inspired by Claudia Fernández, the Wonder Girl. Made with revolutionary ExoFrame technology and innovative Wonder Core, this advanced racket combines exceptional agility with surprising solidity, delivering versatile all-around performance for players who demand natural responsiveness in their Padel gam"
Bullpadel,Bullpadel XPLO 2026 Padel Racket,2026,diamond,375,high,EVA,12K carbon,3999,4995,996,The Padel Market,2,PadelGear | The Padel Market,intermediate,,yes,https://thepadelmarket.co.za/products/bullpadel-xplo-2026,"The XPLO is used by Martín Di Nenno and the Geometric shape allows you to feel an explosion of power with every shot, due to the larger surface for the sweetspot. A rough surface, MultiEVA core and Carbon Fibre 12K face, all make this racket a force to be reckoned with. Excellent technologies listed below. WEIGHT: 360-370 GRAMS SHAPE: GEOMETRIC DIAMOND BALANCE: HIGH SURFACE: 3D ROUGH FACE: XTEND C"
Bullpadel,Bullpadel XPLO 25,,round,,high,EVA,12K carbon,3799,4479,680,PadelZone,2,PadelZone | Virgin Active Padel Club,improver,,yes,https://padelzone.co.za/products/bullpadel-xplo-25-padel-racket,"Introducing the most powerful Padel Racket Bullpadel have ever made, the XPLO! Made with a new geometric power shape, 12K X-Tend carbon face and MultiEva core used to propel Martin Di Nenno to the top of his game as well as your own. Bullpadel is known for being one of the leaders in Padel Equipment manufacturing. They stand for high-performance Padel Rackets and fashionable functionality in cloth"
Bullpadel,Bullpadel XPLO 26,2026,,365,high,EVA,12K carbon,5399,7299,1900,World of Padel,3,PadelDeals | Virgin Active Padel Club | World of Padel,intermediate,,yes,https://worldofpadel.co.za/product/2026-bullpadel-xplo-26/,"XPLO – The Ultimate Power Revolution The XPLO is the most powerful racket ever created by Bullpadel, engineered to push Martín Di Nenno — and you — to the absolute peak of performance. Every shot delivers an unmatched explosion of energy, redefining what true power feels like on the court. Developed in the Bullpadel Lab, the XPLO integrates cutting-edge technologies: the Geometric Shape and Geomet"
Bullpadel,Bullpadel XPLO Comfort 2025,2025,diamond,,high,foam,carbon,3495,3495,0,World of Padel,1,World of Padel,improver,,no,https://worldofpadel.co.za/product/bullpadel-xplo-comfort/,"Bullpadel XPLO Comfort | 2025 The Bullpadel XPLO Comfort 2025 is a revolutionary diamond-shaped padel racket built for explosive power and enhanced comfort. Designed with Fibrix surface , MultiEva core , and advanced anti-vibration technologies , this racket delivers an elite-level performance experience without compromising on feel, making it perfect for expert players looking for high output wit"
Bullpadel,Bullpadel Xplo Comfort 26,2026,round,,,EVA,carbon,4395,5799,1404,PadelDeals,2,PadelDeals | PadelZone,improver,,yes,https://padeldeals.co.za/products/2026-bullpadel-xplo-cmf-26,"XPLO CMF – Explosive Power, Maximum Comfort The XPLO CMF delivers a playing experience that combines comfort and explosive performance. Engineered by Bullpadel Lab, this racket is perfect for players who want to dominate the court with authority, without relying solely on raw strength. Its advanced structure and innovative technologies provide power, control, and responsiveness while ensuring ever"
Bullpadel,Bullpadel Xplo Comfort Padel Racket | 2026,2026,diamond,,,EVA,12K carbon,4495,4495,0,PadelGear,1,PadelGear,improver,,yes,https://www.padelgear.co.za/products/bullpadel-xplo-comfort-2026,"The XPLO Comfort combines all the features of its twin Xplo, but with Fibrix fibre on the face. This offers a more comfortable playing experience without sacrificing explosive power. Featuring the latest innovations from Bullpadel-Lab, this racket is designed for those who want to dominate the court with total authority, without needing to be an extremely powerful player. WEIGHT: 360-370 GRAMS SHA"
Bullpadel,The Bullpadel Power Couple,,,,,,,5795,5795,0,PadelDeals,1,PadelDeals,intermediate,,yes,https://padeldeals.co.za/products/the-bullpadel-power-couple,
El Toro,EL TORO Furia Ctrl,,diamond,365,medium,,12K carbon,3599,3599,0,World of Padel,1,World of Padel,improver,,yes,https://worldofpadel.co.za/product/el-toro-furia-ctrl/,"EL TORO Furia Ctrl Built for players who want to dominate points with controlled aggression, this racket delivers the perfect balance between power, stability, and control. The 12K Carbon Fibre surface provides exceptional rigidity and durability, allowing explosive shots without sacrificing precision, while the HR3 core ensures a responsive touch with excellent ball output and comfort on every st"
El Toro,Tactical padel EL Toro,,round,355,high,foam,12K carbon,5999,5999,0,World of Padel,1,World of Padel,intermediate,,yes,https://worldofpadel.co.za/product/tactical-padel-el-toro/,"Tactical padel EL Toro Experience the game-changing power and precision of the El Toro 2.0 Vice Versa, the hybrid-shaped padel racket engineered to amplify every shot. Crafted with our revolutionary 12K carbon “flex-construction,” this racket bends with the ball at impact, then snaps back to deliver an explosive release of energy. From the moment you grip the handle, you’ll feel the fusion of cont"
FLASH,FLASH 2023 (mi pi),2023,,,,,,2000,2000,0,World of Padel,1,World of Padel,beginner,,no,https://worldofpadel.co.za/product/flash-2023-mi-pi-2/,"FLASH 2023 (mi pi) If you’re looking for speed, agility, and reliable power in one sleek design, the Flash 2023 Mi P1.2 padel racket is your perfect match. A slightly lighter variant than its sibling models, this racket is engineered for quick court movements, making it ideal for players who prioritise swift reactions and fluid gameplay. Its lightweight profile helps reduce arm fatigue, allowing f"
FLASH,FLASH PRO 2023,2023,teardrop,360,medium,EVA,,2500,2500,0,World of Padel,1,World of Padel,improver,,no,https://worldofpadel.co.za/product/flash-pro-2023-2/,"FLASH PRO 2023 The Flash Pro 2023 is a versatile and reliable padel racket designed for intermediate players looking to elevate their performance. Whether you’re refining your net play or building confidence from the back of the court, this racket delivers balanced power and control in every shot. Featuring a teardrop shape , the Flash Pro 2023 provides a well-rounded mix of power and precision, m"
Head,2024 HEAD Extreme Elite,2024,diamond,365,,foam,carbon,3495,3495,0,PadelDeals,1,PadelDeals,improver,,yes,https://padeldeals.co.za/products/2024-head-extreme-elite,"Experience effortless power with the 2024 HEAD Extreme Elite , the most forgiving racket in the Extreme series. Designed for advanced and intermediate players, it features a new diamond-shaped mold, Auxetic technology for enhanced power and feel, and Soft Butt Cap technology for added comfort and vibration dampening. The fiberglass hitting surface ensures a soft, powerful response, all wrapped in "
Head,2024 HEAD Extreme Motion,2024,diamond,,,,,3795,3795,0,PadelDeals,1,PadelDeals,improver,,yes,https://padeldeals.co.za/products/2024-head-extreme-motion,"Unleash your aggressive game with the HEAD Extreme Motion, crafted for advanced padel players who demand explosive power without sacrificing control. This racket features a new diamond-shaped mold, delivering an ideal balance of extreme power and lightning-fast maneuverability"
Head,2024 HEAD Gravity Pro,2024,round,365,,foam,carbon,2599,5399,2800,The Padel Market,4,PadelDeals | PadelZone | The Padel Market | World of Padel,improver,,yes,https://thepadelmarket.co.za/products/head-gravity-pro-2024-padel-racket,"Control the game with the GRAVITY PRO, which is designed for tournament players who want to dominate every shot. The new Auxetic 2.0 technology enhances the feel and connection to the ball while the racquet is also now lighter and has a lower balance for extra maneuverability and control. As part of the upgrade, the GRAVITY PRO has a new Spin Surface technology for extra ball grip and spin as well"
Head,2024 HEAD Radical Motion,2024,teardrop,,low,foam,3K carbon,3199,3495,296,World of Padel,2,PadelDeals | World of Padel,improver,,yes,https://worldofpadel.co.za/product/radical-motion-2024-2/,Head Radical Motion 2024 The lightest in the new teardrop shaped range by Head the Radical Motion is the perfect racket for intermediate to advanced Padel players that are looking for more radical control and maneuverability. With that perfect combination of a 3k carbon fiber face and control foam core this Padel Racket gives you a sensational feel with ample power. Head being started in the 1940s
Head,2024 HEAD Ultralight (Black),2024,round,300,,foam,12K carbon,3995,3995,0,PadelDeals,1,PadelDeals,improver,,yes,https://padeldeals.co.za/products/2024-head-ultralight-black,"The 2024 HEAD Ultralight is a game-changer in padel, weighing just 300 grams, making it the lightest adult padel racket on the market. Designed for fun, effortless play, it features a new round-shaped mold with a standard headsize and an extended grip for added comfort. Equipped with Auxetic 2.0 technology for superior feel, a 12K carbon hitting surface for exceptional ball output, and Spin Surfac"
Head,2024 HEAD Ultralight (White),2024,round,300,,foam,12K carbon,3995,3995,0,PadelDeals,1,PadelDeals,improver,,yes,https://padeldeals.co.za/products/2024-head-ultralight-white,"The 2024 HEAD Ultralight is a game-changer in padel, weighing just 300 grams, making it the lightest adult padel racket on the market. Designed for fun, effortless play, it features a new round-shaped mold with a standard headsize and an extended grip for added comfort. Equipped with Auxetic 2.0 technology for superior feel, a 12K carbon hitting surface for exceptional ball output, and Spin Surfac"
Head,2025 HEAD Extreme Motion,2025,diamond,,high,foam,carbon,3995,4695,700,World of Padel,3,PadelDeals | PadelGear | World of Padel,intermediate,,yes,https://worldofpadel.co.za/product/head-extreme-motion-2025/,"Unleash explosive power with the lighter, more maneuverable version of the EXTREME PRO. Designed for advanced and tournament players, this diamond-shaped racquet offers exceptional leverage on overhead shots and precision on smashes, viboras, and aggressive volleys. Endorsed by world no.1 Paula Josemaría, it features a new unidirectional carbon fiber layer for added stiffness and power, plus an op"
Head,2025 HEAD Extreme One X,2025,diamond,,,foam,carbon,6295,6295,0,PadelDeals,1,PadelDeals,intermediate,,yes,https://padeldeals.co.za/products/2026-head-extreme-one-x,"One of the best padel rackets on the market is now available: the Head Extreme One X 2026. It's designed for advanced players seeking the perfect balance of power and control. With its innovative design and aerodynamic technology, this racket allows you to dominate the court with precise and powerful shots. Designed for professionals who demand superior feel and maximum durability, this racket sta"
Head,2025 HEAD Extreme Pro,2025,diamond,,high,foam,carbon,3995,5295,1300,PadelGear,3,PadelDeals | PadelGear | World of Padel,improver,,yes,https://www.padelgear.co.za/products/head-extreme-one-padel-racket-copy,"The Head Extreme Pro 2025 is the most powerful and demanding model in the Extreme line. Designed in a diamond shape, with a high weight of 370 grams and elevated balance, it offers explosive power in every shot. Its design favors smashes, volleys, and víboras, providing greater inertia and leverage in aerial shots. The unidirectional carbon fiber surface (UD Carbon HS) increases stiffness and maxi"
Head,2025 HEAD Extreme Team,2025,diamond,,high,foam,fibreglass,4295,4295,0,PadelDeals,1,PadelDeals,improver,,yes,https://padeldeals.co.za/products/2025-head-extreme-team,"Unleash controlled power with the EXTREME TEAM 2025. Designed for advanced players, this diamond-shaped racquet delivers easy power, explosive ball exit, and a softer, forgiving touch thanks to its fiberglass surface and mid-soft feel. With a mid-high balance for extra leverage, Power Foam for reactivity, and Auxetic 2.0 for sensational feedback, the TEAM lets you attack every point in comfort—whe"
Head,2025 HEAD Speed Motion | Ari Sanchez,2025,teardrop,355,,foam,carbon,3995,3995,0,PadelDeals,1,PadelDeals,improver,,yes,https://padeldeals.co.za/products/2025-head-speed-motion-ari-sanchez,"The 2025 HEAD Speed Motion by Ari Sánchez is designed for advanced and tournament players who demand exceptional touch, power, and control. Featuring cutting-edge Auxetic 2.0 technology, this racket delivers superior feel and responsiveness, while its hybrid woven surface blends carbon fiber and fiberglass for optimized performance. Enhanced with Soft Butt Cap technology for comfort and refreshed "
Head,2025 HEAD Speed One X,2025,teardrop,365,medium,foam,carbon,4299,5495,1196,World of Padel,3,PadelDeals | PadelGear | World of Padel,improver,,yes,https://worldofpadel.co.za/product/head-speed-one-x-2025/,"Elevate your game with the groundbreaking 2025 HEAD Speed One X, designed for advanced players seeking the perfect harmony of power and control. Featuring revolutionary HEAD ONE technology, this ultra-premium racket boasts a unique single-hole design on its see-through 2D-layered carbon surface, delivering explosive power and unmatched durability. FEATURES Features a revolutionary single-hole hitt"
Head,2025 HEAD Speed Pro,2025,teardrop,370,medium,foam,carbon,4419,4995,576,World of Padel,3,PadelDeals | PadelGear | World of Padel,intermediate,,yes,https://worldofpadel.co.za/product/head-speed-pro-2025/,"Experience unmatched precision and power with the 2025 HEAD Speed Pro. Enhanced with Auxetic 2.0 technology, this racket delivers exceptional touch and feel, perfect for tournament-level play. The hybrid woven surface blends carbon fiber and fiberglass for optimal performance, while the new Damp Plus system and Soft Butt Cap ensure superior comfort and vibration dampening. Strike the perfect balan"
Head,2025 HEAD Speed Pro X,2025,,,,foam,,4995,4995,0,PadelDeals,1,PadelDeals,intermediate,,yes,https://padeldeals.co.za/products/2025-head-speed-pro-x,"Engineered for advanced players, the 2025 Head Speed Pro X delivers unmatched speed, control, and power. Featuring cutting-edge Auxetic 2.0, explosive Power Foam, and shock-absorbing Damp Plus technology, this racket offers a responsive feel and maximum energy transfer with every shot. Its sleek matte and glossy finish adds a touch of premium style, making it as striking in design as it is in perf"
Head,2026 HEAD Coello Pro,2026,diamond,375,,foam,carbon,4899,6795,1896,World of Padel,2,PadelDeals | World of Padel,intermediate,,yes,https://worldofpadel.co.za/product/2026-head-coello-pro/,2026 HEAD Coello Pro Pro Player Arturo Coello Brand Head Season 2026 Gender Unisex Level Advanced Type of Game Power Shape Diamond Surface 3D Rough Weight 375g Balance High Structure Carbon Core Power Foam Racket Face Carbon Hybrid HS Shop also from Head padel rackets .
Head,2026 HEAD Coello Team,2026,,,,,,4995,4995,0,PadelDeals,1,PadelDeals,intermediate,,yes,https://padeldeals.co.za/products/2026-head-coello-team,
Head,2026 HEAD Radical Motion,2026,teardrop,,,,,4495,4495,0,PadelDeals,1,PadelDeals,improver,,yes,https://padeldeals.co.za/products/2026-head-radical-motion,"The 2026 Head Radical Motion is a padel racket designed to offer exceptional control and superior manageability. Its teardrop shape and lightweight make quick and comfortable movements easier, ideal for players seeking versatility and precision on the court. With advanced technologies and an ergonomic design, this racket ensures optimal performance with every stroke.Intended for women at an advanc"
Head,2026 HEAD Radical Pro,2026,teardrop,,low,,carbon,4899,4995,96,World of Padel,2,PadelDeals | World of Padel,intermediate,,yes,https://worldofpadel.co.za/product/head-radical-pro-2026-padel-racket/,"Head Radical Pro 2026 Padel Racket The Head Radical Pro 2026 is a high-performance racket designed for advanced and competitive players who control the game with precision and tactics. Featuring a teardrop shape , low balance , and double carbon fiber construction , it offers outstanding stability, control, and premium feel—perfect for players who dictate the tempo from start to finish. Shop also "
Head,2026 HEAD Radical Team,2026,,,,,,3995,3995,0,PadelDeals,1,PadelDeals,improver,,yes,https://padeldeals.co.za/products/2026-head-radical-team,
Head,2026 HEAD Radical Team Light,2026,,,,,,3495,3495,0,PadelDeals,1,PadelDeals,improver,,yes,https://padeldeals.co.za/products/2026-head-radical-team-light,
Head,HEAD COELLO MOTION,2026,diamond,360,high,foam,carbon,4899,5995,1096,World of Padel,3,PadelDeals | PadelGear | World of Padel,intermediate,,yes,https://worldofpadel.co.za/product/head-coello-motion/,"HEAD COELLO MOTION Made by Head for our advanced Padel players, the Head Coello Motion offers explosive power and high levels of maneuverability. Featuring a hybrid woven face and power foam core combination, this Padel Racket leaves nothing to be desired . Head was started in the 1940s making metal skis, then became known for producing the first ever metal framed tennis racket to now producing so"
Head,Head Coello Motion 2025 Padel Racket,2025,diamond,360,,foam,carbon,4499,4499,0,The Padel Market,1,The Padel Market,improver,,no,https://thepadelmarket.co.za/products/head-coello-motion-2025,"Harness Explosive Power with Control and Speed. The Padel Market Playing Profile Diamond · Power · Advanced Power Very high Control Low Comfort Low Manoeuvrability Medium Shape Diamond Level Advanced Description The Head Coello Motion 2025 is a diamond-shaped power racket from Head's Coello line, the lighter, more manoeuvrable Motion tier of Arturo Coello's signature range. It keeps the Coello's a"
Head,Head Coello Motion 2026 Bundle,2026,diamond,,,foam,carbon,5499,5499,0,PadelZone,1,PadelZone,intermediate,,yes,https://padelzone.co.za/products/head-coello-motion-2026-padel-racket-bundle,"Experience explosive power with effortless manoeuvrability using the Head Coello Motion 2026, the versatile Padel Racket engineered for advanced players seeking aggressive performance without compromise. Developed in collaboration with world number one Arturo Coello, this professional weapon features cutting-edge Carbon Hybrid technology and Power Foam core, delivering the perfect balance of devas"
Head,HEAD COELLO PRO,2025,diamond,370,high,foam,carbon,4499,6799,2300,World of Padel,5,PadelDeals | PadelGear | PadelZone | The Padel Market | World of Padel,intermediate,,yes,https://worldofpadel.co.za/product/head-coello-pro/,"Bring explosive power and world-class dominance to the court with the HEAD Coello Pro 2026 Padel Racket. Co-developed with world number one Arturo Coello, this highly anticipated signature model is the absolute new benchmark for uncompromising attackers eager to impose their law on the court. Whether you are dictating the pace with aggressive volleys at the net or finishing points with indisputabl"
Head,Head Coello Pro 2026 Bundle,2026,diamond,,high,foam,carbon,6799,6799,0,PadelZone,1,PadelZone,advanced,,yes,https://padelzone.co.za/products/head-coello-pro-2026-bundle,"Unleash devastating power with the Head Coello Pro 2026, the ultimate Padel Racket engineered for tournament players seeking maximum offensive performance. Developed in collaboration with world number one Arturo Coello, this flagship weapon features advanced Auxetic 2.0 technology and Power Foam core, delivering unmatched power and stability for expert players who dominate through aggressive attac"
Head,HEAD COELLO TEAM,2025,diamond,360,high,foam,carbon,2999,4899,1900,World of Padel,3,PadelDeals | PadelZone | World of Padel,intermediate,,yes,https://worldofpadel.co.za/product/head-coello-team/,"Unleash effortless power with the HEAD Coello Team 2025, designed in collaboration with world number one Arturo Coello. Ideal for intermediate and advanced players, this diamond-shaped racket offers exceptional power at lower speeds, enhanced comfort, and stability when attacking at the net. Featuring Auxetic 2.0 technology for superior feel and power, a fiberglass hitting surface for extra reboun"
Head,Head Edge Green Padel Racket,,round,375,,foam,carbon,1299,1299,0,The Padel Market,1,The Padel Market,beginner,,no,https://thepadelmarket.co.za/products/head-edge-padel-racket,"Start Smart. Play Better. Grow Your Game. The Padel Market Playing Profile Round · Control · Beginner Power Low Control Very high Comfort Very high Manoeuvrability Very high Shape Round Level Beginner Description The Head Edge Green is an entry-level padel racket from Head, built for beginners. Its round shape, light weight and large sweet spot make it forgiving, comfortable and easy to learn with"
Head,Head Edge Orange Padel Racket,,round,375,,foam,carbon,1299,1299,0,The Padel Market,1,The Padel Market,beginner,,no,https://thepadelmarket.co.za/products/head-edge-padel-racket-orange,"Start Smart. Play Better. Grow Your Game. The Padel Market Playing Profile Round · Control · Beginner Power Low Control Very high Comfort Very high Manoeuvrability Very high Shape Round Level Beginner Description The Head Edge Orange is an entry-level padel racket from Head, built for beginners. Its round shape, light weight and large sweet spot make it forgiving, comfortable and easy to learn wit"
Head,Head Extreme One,2025,diamond,,high,foam,carbon,6295,6299,4,PadelDeals,2,PadelDeals | PadelZone,intermediate,,yes,https://padeldeals.co.za/products/2026-head-extreme-one,"One of the best padel rackets on the market is now available: the Head Extreme One X 2026. It's designed for advanced players seeking the perfect balance of power and control. With its innovative design and aerodynamic technology, this racket allows you to dominate the court with precise and powerful shots. Designed for professionals who demand superior feel and maximum durability, this racket sta"
Head,HEAD EXTREME ONE 2023,2023,diamond,375,high,foam,12K carbon,3499,4099,600,The Padel Market,2,The Padel Market | World of Padel,improver,,yes,https://thepadelmarket.co.za/products/head-extreme-one-2023,"HEAD EXTREME ONE 2023 The all new Head Extreme One is nothing short of a revolution in Padel Racket design. This ultra premium racket has the most unique hitting surface we have seen yet. Less holes in the surface make for added power and durability coupled with a sensational feel once in contact with the Padel Ball. Head being started in the 1940s making metal skis, then became known for producin"
Head,Head Extreme One UL,,round,,,foam,12K carbon,3295,3295,0,World of Padel,1,World of Padel,improver,,yes,https://worldofpadel.co.za/product/head-extreme-one-ul-2/,"Head Extreme One UL The ONE ULTRALIGHT Padel racket is the newest innovation by HEAD, designed with precision to revolutionise the Padel game. Weighing only 300 grams, it is the lightest racket available for adults. Featuring a round shape and an elongated grip, the ONE ULTRALIGHT is incredibly comfortable and effortless to use. Developed for beginners and casual players, it reduces arm strain, am"
Head,Head Extreme One Ul White,,round,,,foam,12K carbon,3295,3295,0,World of Padel,1,World of Padel,improver,,no,https://worldofpadel.co.za/product/head-extreme-one-ul-white/,"Head Extreme One Ul White With only 300 grams, the ONE ULTRALIGHT is the latest innovation which comes to change padel, being the lightest adult padel racquet on the market. Fun and easy to play with, this racquet is engineered with a new round-shaped mold keeping a standard headsize and an extended grip length for extra comfort and support. With Auxetic 2.0 technology for enhanced feel and connec"
Head,Head Extreme XTR,,diamond,,,foam,carbon,2799,2799,0,PadelZone,1,PadelZone,improver,,yes,https://padelzone.co.za/products/head-extrem-xtr-smu-2025-padel-racket,"Introducing the Head Extreme XTR is a revolutionary Padel Racket built for the offensive yet versatile intermediate to advanced Padel players. This high-performance addition to the Extreme line is engineered to transition explosive power into consistent, manageable control, making it a perfect Head Padel Racket for demanding tournament play. The Extreme XTR is designed with an enlarged Diamond Sha"
Head,Head Gravity Motion 2024,2024,round,,low,foam,fibreglass,3150,3150,0,World of Padel,1,World of Padel,improver,,yes,https://worldofpadel.co.za/product/head-gravity-motion-2024/,"Head Gravity Motion 2025 The Head Gravity Motion 2025 is a high-performance padel racket tailored for players seeking precision, agility, and exceptional control. Weighing just 355 grams, this lightweight racket features a rounded design and low balance, offering unmatched maneuverability and a generous sweet spot. Its advanced materials and cutting-edge technologies make it perfect for advanced p"
Head,Head Gravity Team Light 2024 Green/White Padel Racket,2024,round,340,,foam,fibreglass,2499,2499,0,World of Padel,1,World of Padel,beginner,,yes,https://worldofpadel.co.za/product/head-gravity-team-light-2024-green-white-padel-racket/,"Head Gravity Team Light 2024 Green/White Padel Racket Discover the ultimate ally for your padel game: the Head Gravity Team Light 2024. Step onto the court with a racket that feels like an extension of your arm—streamlined, vibrant, and engineered for excellence. Whether you’re unleashing a lightning-fast serve, sculpting a crafty drop shot, or racing across the baseline, this racket empowers you "
Head,HEAD MONSTER KIDS 2024,2024,round,,,foam,carbon,1699,1899,200,World of Padel,2,PadelZone | World of Padel,beginner,,yes,https://worldofpadel.co.za/product/head-monster-kids-racket/,"HEAD MONSTER KIDS 2024 This lightweight, short form factor Padel Racket has been made with a super fun looking artwork and is absolutely perfect for our little monsters of Padel. Made specifically for ages 10 and below this cool looking racket is light and easy to maneuver with a great touch and feel. Head being started in the 1940s making metal skis, then became known for producing the first ever"
Head,HEAD Radical Motion 2026 – Lightweight Control with Competitive Precision,2026,,,,,,3999,3999,0,World of Padel,1,World of Padel,improver,,yes,https://worldofpadel.co.za/product/head-radical-motion-2026-lightweight-control-with-competitive-precision/,"A maneuverable and comfortable racket for advanced players who control the rhythm of the game. The Radical Motion 2026 delivers exceptional precision, a forgiving sweet spot, and fast response—perfect for tactical players who know when to accelerate. Shop also from Head padel rackets."
Head,HEAD RADICAL PRO 2024,2024,,,,EVA,carbon,3990,3990,0,World of Padel,1,World of Padel,improver,,yes,https://worldofpadel.co.za/product/radical-pro-2024-2/,"HEAD RADICAL PRO 2024 Unleash your full offensive potential with the Radical Pro 2024 — a premium padel racket crafted specifically for advanced and aggressive players. With its heavyweight frame and explosive power profile, this racket gives you the upper hand in high-intensity rallies and decisive smashes. Whether you’re closing points at the net or launching shots from the baseline, the Radical"
Head,Head Speed Junior,,teardrop,310,,foam,carbon,2000,2199,199,World of Padel,2,PadelZone | World of Padel,beginner,,yes,https://worldofpadel.co.za/product/head-speed-junior/,"The new, upgraded Speed Junior has been designed for competitive junior players who want to play with touch, accuracy and attacking speed. This Padel Racket has been lightened up and packed with the power foam core to achieve this and wrapped in a fiberglass hitting surface for a softer touch. Head being started in the 1940s making metal skis, then became known for producing the first ever metal f"
Head,HEAD Speed Motion,2025,teardrop,360,medium,foam,carbon,3495,4899,1404,PadelDeals,4,PadelDeals | PadelGear | PadelZone | World of Padel,improver,,yes,https://padeldeals.co.za/products/head-speed-motion,"Lightweight, versatile, and upgraded with new Auxetic 2.0 technology, the Speed Motion has been developed by Head to help advanced players to accelerate their game. This Padel Racket , Endorsed by Ari Sánchez, features a hybrid woven surface and power foam core combination. Head being started in the 1940s making metal skis, then became known for producing the first ever metal framed tennis racket "
Head,Head Speed one 2025,2025,round,375,medium,foam,carbon,3999,5699,1700,The Padel Market,4,PadelGear | PadelZone | The Padel Market | World of Padel,improver,,yes,https://thepadelmarket.co.za/products/head-speed-one-2025,"Bring lightweight maneuverability and explosive power to the court with the HEAD Speed One Padel Racket. As the highly agile, 345-gram counterpart in the new Speed One series, this racket perfectly balances devastating impact with refined control for advanced players seeking a fast-paced game. Whether you are executing rapid passing shots or reacting quickly during intense net exchanges, the Speed"
Head,Head Speed Team 2025,2025,teardrop,365,,foam,fibreglass,3299,3299,0,World of Padel,1,World of Padel,improver,,yes,https://worldofpadel.co.za/product/head-speed-team-2025/,"Head Speed Team 2025 Head Speed Team 2025 The Head Speed Team 2025 is a versatile and user-friendly padel racket designed for intermediate players seeking a great balance of power, control, and comfort. With its lightweight construction and advanced technology, this racket is perfect for players looking to improve their game while enjoying a comfortable playing experience. – Teardrop Shape: The te"
Head,Head Vibe 2026,2026,teardrop,340,,foam,carbon,2699,2699,0,PadelZone,1,PadelZone,improver,,yes,https://padelzone.co.za/products/head-vibe-2026-padel-racket,"The Head Vibe 2026 is an oversized teardrop Padel Racket built for beginners who want a forgiving frame to learn on. It pairs a soft fibreglass face with a generous 525 cm² head, so the ball comes off cleanly even when you catch it away from the middle. Head has spent decades building racket sports equipment, and that experience shows in how approachable the Vibe feels. This is the frame the brand"
Head,HEAD ZEPHYR UL 2023,2023,round,340,,foam,carbon,1795,1795,0,World of Padel,1,World of Padel,beginner,,no,https://worldofpadel.co.za/product/zephyr-ul-2023-2/,"HEAD ZEPHYR UL 2023 With its rounded shape, carbon exterior, and power foam core, the Head Zephyr UL Padel Racket is ideal for players looking for the best balance between power and precision for an optimal playing experience. The advanced Graphene 360+ technology enhances flexibility and overall feel. The Head Zephyr UL racket, designed with a modern flair, characterized by its lightweight and ad"
Hirostar,HIROSTAR Alien Padel Racket,,diamond,,high,foam,carbon,5495,5495,0,World of Padel,1,World of Padel,intermediate,,no,https://worldofpadel.co.za/product/hirostar-alien/,"HIROSTAR Alien 2025 Padel Racket The HIROSTAR Alien 2025 Padel Racket is an exceptional piece of equipment designed for aggressive players who prioritize power, precision, and control on the court. Crafted from the finest materials and developed with cutting-edge technology, this racket provides unparalleled performance that allows players to dominate every match. Featuring 24K carbon construction"
Hirostar,Hirostar Alien Pro &#8211; Tolito Aguirre,,diamond,365,high,EVA,12K carbon,6495,6495,0,World of Padel,1,World of Padel,intermediate,,yes,https://worldofpadel.co.za/product/racchetta-da-padel-hirostar-alien-pro-tolito-aguirre/,"Hirostar Alien Pro – Tolito Aguirre The Hirostar Alien Pro is the latest weapon in the Alien series, designed to bring Tolito Aguirre’s on-court magic into your hands. Built for advanced and professional players who demand power with maximum control, this racket stands out with its premium materials, custom shape, and cutting-edge engineering. Performance on the Court Featuring a 12K Carbon surfac"
Hirostar,HIROSTAR Aurora  Padel Racket,,,,high,EVA,12K carbon,2899,2899,0,World of Padel,1,World of Padel,improver,,yes,https://worldofpadel.co.za/product/hirostar-aurora/,"HIROSTAR Aurora 2025 Padel Racket The HIROSTAR Aurora 2025 Padel Racket offers the perfect balance between power and control , making it the ideal choice for versatile players who want to excel on the court. This racket is designed to meet the needs of advanced players who seek consistency, precision, and the ability to perform in various match situations. Crafted with carbon 12K and an EVA Black "
Hirostar,HIROSTAR Blackstone Padel Racket,,diamond,,high,foam,18K carbon,3995,3995,0,World of Padel,1,World of Padel,improver,,yes,https://worldofpadel.co.za/product/hirostar-blackstone/,"HIROSTAR Blackstone Padel Racket The HIROSTAR Blackstone Padel Racket embodies excellence and innovation, offering a cutting-edge design combined with high-quality materials and advanced technical features. Engineered for demanding players, this racket ensures a powerful, precise, and controlled playing experience. Key Features 18K Carbon Surface – Delivers extraordinary power for dominating the c"
Hirostar,HIROSTAR Horizon Padel Racket,,diamond,,high,hard EVA,12K carbon,2899,2899,0,World of Padel,1,World of Padel,improver,,yes,https://worldofpadel.co.za/product/hirostar-horizon/,"HIROSTAR Horizon 2025 Padel Racket The HIROSTAR Horizon 2025 Padel Racket is an excellent choice for advanced players who are looking to elevate their game with powerful shots and precise control. Designed with a diamond shape and high balance, the racket ensures aggressive play and outstanding performance on the court. Superior Power and Durability The HIROSTAR Horizon 2025 is constructed with a "
Hirostar,HIROSTAR Redstone Padel Racket,,diamond,,,foam,18K carbon,3995,3995,0,World of Padel,1,World of Padel,improver,,yes,https://worldofpadel.co.za/product/hirostar-redstone/,"HIROSTAR Redstone Padel Racket The HIROSTAR Redstone Padel Racket symbolizes aggressiveness and superior performance, offering a bold design combined with high-quality materials. Engineered for advanced players, this racket delivers a perfect balance of power and control, allowing for precision shots and dominant play on the court. Key Features 18K Carbon Face – Ensures superior power while mainta"
Hirostar,HIROSTAR Solar Padel Racket,,round,360,low,EVA,12K carbon,2899,2899,0,World of Padel,1,World of Padel,improver,,yes,https://worldofpadel.co.za/product/hirostar-solar/,"HIROSTAR Solar Padel Racket The HIROSTAR Solar Padel Racket is designed for players who prioritize precision and control on the court. With its round shape and low balance , this racket delivers exceptional shot accuracy , making it an excellent choice for strategic and defensive players who rely on placement and consistency rather than power. Built with a 12K carbon surface , the HIROSTAR Solar p"
Hirostar,HIROSTAR Vamos Padel Racket,,round,300,low,soft EVA,carbon,1899,1899,0,World of Padel,1,World of Padel,beginner,,no,https://worldofpadel.co.za/product/hirostar-vamos/,"HIROSTAR Vamos Padel Racket The HIROSTAR Vamos Padel Racket is specially designed for young players aged 3 to 8 years , providing an ideal blend of lightweight handling, durability, and fun . This junior racket helps kids develop their padel skills with confidence, offering easy maneuverability and a comfortable grip tailored for smaller hands. Weighing only 300g , the HIROSTAR Vamos ensures effor"
Hyko,HYKO 360 - GOLD 12K Padel Racket,,diamond,,,soft EVA,12K carbon,3495,3495,0,PadelGear,1,PadelGear,improver,,yes,https://www.padelgear.co.za/products/hyko-360-gold-12k,"The HYKO 360 Gold padel racket, part of the exclusive AB de Villiers collection, features a diamond shape, soft EVA 13 core, 12K carbon face, and sandpaper-textured surface. Built for explosive power, high spin potential, and confident shot-making from every angle."
Hyko,HYKO 360 - GREEN 3K Padel Racket,,diamond,,,soft EVA,3K carbon,2995,2995,0,PadelGear,1,PadelGear,improver,,yes,https://www.padelgear.co.za/products/hyko-360-green-3k,"The HYKO 360 Green padel racket, part of the exclusive AB de Villiers collection, features a diamond shape, soft EVA 13 core, 3K carbon face, and sandpaper-textured surface. Built for smooth power, elevated spin, and confident play across every angle of the court."
Hyko,HYKO Powerkill V2 Padel Racket,,teardrop,,,EVA,18K carbon,5995,5995,0,PadelGear,1,PadelGear,intermediate,,yes,https://www.padelgear.co.za/products/hyko-powerkill-v2,"Most players start with training wheels. Then they take them off. Then, eventually, they meet the PowerKill. This isn’t for beginners. This isn’t for dabblers. This is for those who “ meant to hit it that hard” . The PowerKill is engineered for advanced players with aggressive intent and unapologetic swing speeds. Crafted with precision, purpose, and maybe a little bit of spite for the ball, this "
Hyko,HYKO SHADOWCASTER Padel Racket,,round,345,,medium EVA,3K carbon,2495,2495,0,PadelGear,1,PadelGear,beginner,,yes,https://www.padelgear.co.za/products/hyko-shadowcaster,"The HYKO Shadowcaster padel racket features a round shape, medium EVA 15 core, and 3K carbon face. Built for swift manoeuvrability, balanced control, and effortless shot precision in a +-25g lighter frame. Weight 345g+- Core EVA 15 Shape Round Face 3K – with 3D Hexagon Surface"
Hyko,HYKO SUPER TOUCH Padel Racket,,diamond,345,,EVA,3K carbon,2995,2995,0,PadelGear,1,PadelGear,improver,,yes,https://www.padelgear.co.za/products/hyko-super-touch,"The HYKO Super Touch padel racket features a diamond shape, firm EVA 15 core, and 3K carbon face. Built for aggressive play, sharp control, and precision in every high-intensity shot. Weight 345g+- Core EVA 15 Shape Round Face 3K – with 3D Hexagon Surface"
Hyko,Hyko The 360 - Gold,,diamond,,,soft EVA,12K carbon,3699,3699,0,Africa Padel,1,Africa Padel,improver,,yes,https://africapadelshop.com/products/hyko-the-360-gold,"The HYKO 360 Gold padel racket, part of the exclusive AB de Villiers collection, features a diamond shape, soft EVA 13 core, 12K carbon face, and sandpaper-textured surface. Built for explosive power, high spin potential, and confident shot-making from every angle."
Hyko,Hyko The 360 - Green,,diamond,,,soft EVA,3K carbon,2899,2899,0,Africa Padel,1,Africa Padel,improver,,yes,https://africapadelshop.com/products/hyko-the-360-green,"The HYKO 360 Green padel racket, part of the exclusive AB de Villiers collection, features a diamond shape, soft EVA 13 core, 3K carbon face, and sandpaper-textured surface. Built for smooth power, elevated spin, and confident play across every angle of the court."
Hyko,Hyko ThundaOne,,teardrop,360,,EVA,12K carbon,1999,3495,1496,Africa Padel,2,Africa Padel | PadelGear,improver,,yes,https://africapadelshop.com/products/hyko-thundaone,"The HYKO ThundaONE padel racket features a teardrop shape, EVA 15 core, and 12K carbon face with a gritty sandpaper face. Built for controlled aggression and explosive impact on every shot. Weight - 360g+- Core - EVA 15 Shape - Teardrop Face -12K – with Sand Paper Surface"
Just Ten,2x Just Ten Reborn Killer,,,,,,,3495,3495,0,PadelDeals,1,PadelDeals,improver,,yes,https://padeldeals.co.za/products/2x-just-ten-reborn-killer,
Just Ten,Just Ten Reborn Killer,,,,,,,995,995,0,PadelDeals,1,PadelDeals,beginner,,yes,https://padeldeals.co.za/products/just-ten-reborn-killer,
LOK,2026 LÕK Be Flow Gen 2 (Pink),2026,round,,,EVA,,2995,2999,4,PadelDeals,2,PadelDeals | PadelZone,improver,,yes,https://padeldeals.co.za/products/2026-lok-be-flow-gen-2-pink,"The BE FLOW 2 is designed for those taking their first steps into the world of padel. Crafted with FLEX FIBER glass fiber and a custom EVA rubber core, it delivers excellent comfort and control for beginners or social players. Its Equal Hole System and balanced weight distribution promote easy handling and stable shots, helping you gain confidence from the very first rally. A true expression of LO"
LOK,2026 LÕK MAXX FLOW GEN 2,2026,round,,,EVA,carbon,6495,6499,4,PadelDeals,3,PadelDeals | PadelGear | PadelZone,intermediate,,yes,https://padeldeals.co.za/products/2026-lok-maxx-flow-gen-2,"The Maxx Flow 2 by Bea Caldera is designed for players who don't want to stop, for those who see the court as pure speed, power, and energy. Its asymmetrical core maintains balance with every shot, but does so without compromising aggressiveness: every swing becomes effortless power. C18 carbon multiplies the racket's solidity and response, while memory EVA rubber returns all the energy so that ev"
LOK,Lok BE FLOW Pink 2 2026 &#8211; Women&#8217;s Padel Racket,2026,round,360,,EVA,carbon,2299,2299,0,World of Padel,1,World of Padel,beginner,,yes,https://worldofpadel.co.za/product/lok-be-flow-pink-2-2026-womens-padel-racket/,"The BE FLOW 2 is designed for those taking their first steps into the world of padel. Crafted with FLEX FIBER glass fiber and a custom EVA rubber core, it delivers excellent comfort and control for beginners or social players. Its Equal Hole System and balanced weight distribution promote easy handling and stable shots, helping you gain confidence from the very first rally. A true expression of LO"
LOK,LOK BE FLOW PNK GEN 2 Padel Racket | 2026,2026,round,,,EVA,fibreglass,2995,2995,0,PadelGear,1,PadelGear,improver,,yes,https://www.padelgear.co.za/products/lok-bp-maxx-gen-2-2026,"Round racket for beginners, offering control and comfort during play. The Be Flow 2 is designed to make your start in padel fun, comfortable, and fluid. Its round shape with a centered sweet spot makes every shot easier and more accurate, ideal for gaining confidence from the very first game. The asymmetrical core maintains stability, while the combination of fiberglass and Flex Fiber together wit"
LOK,LOK Be Hype Gen 2 - Red,,,,,EVA,,2999,2999,0,PadelZone,1,PadelZone,improver,,yes,https://padelzone.co.za/products/lok-be-hype-gen-2-padel-racket,"Discover Padel with style using the LOK Be Hype Gen 2, the lightweight Padel Racket engineered for players starting their journey. Made with innovative glass fibre and Flex Fiber blend combined with Asymmetric Heart technology and memory EVA rubber, this accessible weapon delivers perfect balance and comfortable power for enjoying the game from day one in your Padel adventure. LOK Sports has creat"
LOK,LOK BE HYPE GEN 2 Padel Racket | 2026,2026,,,,EVA,fibreglass,2995,2995,0,PadelGear,1,PadelGear,improver,,yes,https://www.padelgear.co.za/products/lok-be-hype-gen-2-2026,"The Be Hype 2 is your first ally in discovering padel with style. Its asymmetrical core maintains perfect balance so your shots are stable and confident. Thanks to the combination of fiberglass and Flex Fiber, together with memory EVA rubber, you'll have a lightweight, comfortable racket with enough power to enjoy from day one. The Equal Hole System improves ball output, making it more agile and e"
LOK,LOK Carb-On Flow Gen 2,,round,,,EVA,carbon,5799,5799,0,PadelZone,1,PadelZone,intermediate,,yes,https://padelzone.co.za/products/lok-carb-on-flow-gen-2-padel-racket,"Keep up the pace with the LOK Carb On Flow Gen 2, the aggressive Padel Racket engineered for relentless intensity. Made with advanced C6 carbon and memory EVA rubber combined with Asymmetric Heart technology, this high-performance weapon delivers exceptional stability and explosive power for players who demand attitude without limits and power without pause in their Padel game. LOK Sports has crea"
LOK,LOK CARBON FDB GEN 2 | 2026,2026,,,,EVA,carbon,3999,4495,496,World of Padel,2,PadelGear | World of Padel,improver,,yes,https://worldofpadel.co.za/product/lok-carbon-fdb-gen-2-2026/,"The Carb-On Hype 2 – Franco Dal Bianco is the racket that represents the energy and game of one of the world's padel greats. With its asymmetrical core, it gives you the perfect balance to attack fearlessly and control every ball. C6 carbon and memory EVA rubber multiply the power, returning more force with every impact. The Gradual Face system and Vibration Groove reduce vibrations, giving you co"
LOK,LOK CARBON FLOW GEN 2 Padel Racket | 2026,2026,,,,EVA,carbon,4495,4495,0,PadelGear,1,PadelGear,improver,,yes,https://www.padelgear.co.za/products/lok-carbon-flow-gen-2-2026,"The Carb-On Flow 2 is the racket that keeps up the pace without ever slowing down. Its asymmetrical core balances your game to give you stability while delivering power with every shot. C6 carbon and memory EVA rubber work together to give your ball more power and control. With Gradual Face and Vibration Groove, vibrations are reduced to a minimum so you only feel a clean impact. The 3D Spin Lines"
LOK,LOK Easy Flow Gen 2 Padel Racket | 2026,2026,round,,,soft EVA,carbon,3495,3495,0,PadelGear,1,PadelGear,improver,,yes,https://www.padelgear.co.za/products/lok-easy-flow-padel-racket-copy,"Smooth, effortless, and designed to accelerate your game. The LÕK Easy Flow Gen 2 is the ultimate racket for players looking for maximum maneuverability and a highly forgiving, comfortable feel on the court. Perfect for those developing their technique or players who specifically prefer a lighter racket to prevent arm fatigue, the ""Flow"" lives up to its name by gliding through the air with absolut"
LOK,LOK Easy Hype Gen 2 Padel Racket | 2026,2026,round,,,soft EVA,carbon,4495,4495,0,PadelGear,1,PadelGear,improver,,yes,https://www.padelgear.co.za/products/lok-maxx-hype-gen-2-padel-racket-2026-copy-1,"Master your mechanics and control the court. The LÕK Easy Hype Gen 2 is engineered specifically for ambitious beginners and intermediate players looking to accelerate their progression. Designed with a focus on playability and comfort, this racket delivers a highly forgiving, easy-to-play experience that builds confidence from your very first swing. Featuring a generous sweet spot and a perfectly "
LOK,LOK Jungle Lite,2026,,,,EVA,carbon,2999,4495,1496,Virgin Active Padel Club,3,PadelGear | PadelZone | Virgin Active Padel Club,improver,,yes,https://virginactivepadelclub.co.za/products/lok-jungle-lite,"Advance your level with the LOK Jungle Lite, the lightweight Padel Racket combining strength and agility for players ready to elevate their game. Made with innovative Flex Fiber and glass fibre blend combined with revolutionary Asymmetric Heart EVO technology featuring a unique green center piece, this advanced weapon delivers perfect flexibility and power adaptation in your Padel game. LOK Sports"
LOK,LOK MAXX HYPE 2,,diamond,360,,EVA,carbon,4874,4999,125,Virgin Active Padel Club,2,Virgin Active Padel Club | World of Padel,intermediate,,yes,https://virginactivepadelclub.co.za/products/lok-maxx-hype-2,"The Maxx Hype 2 by Mike Yanguas is not just a racket, it’s pure adrenaline in your hands. Created for top-level players, it combines state-of-the-art C18 carbon and an exclusive EVA rubber that returns more power with every hit. Its asymmetrical core maintains perfect balance while giving you the stability you need to unleash devastating shots. Vibration disappears thanks to the Gradual Face and V"
LOK,LOK Maxx Hype 2 Mike Yanguas World,,diamond,360,high,EVA,carbon,7499,7499,0,PadelZone,1,PadelZone,advanced,,yes,https://padelzone.co.za/products/lok-maxx-hype-y-world-2026-padel-racket,"The LOK Maxx Hype 2 Mike Yanguas World Padel Racket is built for attacking players who want a firm, explosive response at the net. This limited World edition is linked to Mike Yanguas and is designed around fast rallies, aggressive volleys and decisive overheads. Its diamond shape and high balance put extra weight behind smashes, víboras and bandejas, while the 360-375g range keeps the racket stab"
LOK,LOK Maxx Hype Gen 2,2026,diamond,,,EVA,carbon,6495,6499,4,PadelDeals,3,PadelDeals | PadelGear | PadelZone,intermediate,,yes,https://padeldeals.co.za/products/2026-lok-maxx-hype-gen-2,"The Maxx Hype 2 by Mike Yanguas is not just a racket, it's pure adrenaline in your hands. Created for top-level players, it combines state-of-the-art C18 carbon and an exclusive EVA rubber that returns more power with every hit. Its asymmetrical core maintains perfect balance while giving you the stability you need to unleash devastating shots. Vibration disappears thanks to the Gradual Face and V"
LOK,LÕK BE FLOW,,,,,EVA,carbon,1959,1959,0,Virgin Active Padel Club,1,Virgin Active Padel Club,beginner,,yes,https://virginactivepadelclub.co.za/products/lok-be-flow,"The Be Flow caters to padel enthusiasts eager to advance their game. Engineered for effortless handling and comprehensive performance enhancement, it encompasses various aspects to refine overall gameplay, particularly in control shots. Its circular shape ensures effectiveness and consistency in both volley and baseline control shots. The asymmetrical core optimizes weight distribution, enhancing "
LOK,LÕK BE FLOW 2,,,,,EVA,,2249,2249,0,Virgin Active Padel Club,1,Virgin Active Padel Club,beginner,,yes,https://virginactivepadelclub.co.za/products/lok-be-flow-2,"The BE FLOW 2 is designed for those taking their first steps into the world of padel. Crafted with FLEX FIBER glass fiber and a custom EVA rubber core, it delivers excellent comfort and control for beginners or social players. Its Equal Hole System and balanced weight distribution promote easy handling and stable shots, helping you gain confidence from the very first rally. A true expression of LO"
LOK,LÕK BE FLOW 2 - PINK,,,,,EVA,,2249,2249,0,Virgin Active Padel Club,1,Virgin Active Padel Club,beginner,,yes,https://virginactivepadelclub.co.za/products/lok-be-flow-2-pink,"The BE FLOW 2 is designed for those taking their first steps into the world of padel. Crafted with FLEX FIBER glass fiber and a custom EVA rubber core, it delivers excellent comfort and control for beginners or social players. Its Equal Hole System and balanced weight distribution promote easy handling and stable shots, helping you gain confidence from the very first rally. A true expression of LO"
LOK,LÕK BE HYPE,,diamond,,,EVA,carbon,1959,1959,0,Virgin Active Padel Club,1,Virgin Active Padel Club,beginner,,yes,https://virginactivepadelclub.co.za/products/lok-be-hype,"The Be Hype is tailored for newcomers to padel seeking to refine their overall game. Engineered for effortless handling and game improvement, it features a diamond shape for heightened effectiveness and consistency in attacking shots. Its asymmetrical core optimizes weight distribution, enhancing racket maneuverability and stability with every swing. The mixed carbon fiber surface ensures a high l"
LOK,LÕK BE HYPE 2,,,,,EVA,,2249,2249,0,Virgin Active Padel Club,1,Virgin Active Padel Club,beginner,,yes,https://virginactivepadelclub.co.za/products/lok-be-hype-2,"For players discovering their competitive edge, the BE HYPE 2 delivers the perfect mix of control and forgiveness. Its FLEX FIBER and glass fiber layers combine with a custom EVA core for a soft, comfortable touch that still packs energy when needed. The Equal Hole System guarantees uniform performance across the face, while its clean design captures the essence of the LOK philosophy — Be Smart, B"
LOK,LÕK CARB-ON FLOW,,round,,,,carbon,3495,4495,1000,PadelGear,3,PadelDeals | PadelGear | Virgin Active Padel Club,improver,,yes,https://www.padelgear.co.za/products/lok-carb-on-flow,"The Carb-On Flow racket offers an exceptional balance between power and control, supported by advanced technologies and an innovative design. One of the standout features of the Carbon-On Flow is its asymmetric heart, a technology that optimizes weight distribution across the racket to enhance maneuverability and stability with each strike. This allows for quicker and more precise responses on the"
LOK,LÕK CARB-ON FLOW 2,,,,,,carbon,4124,4124,0,Virgin Active Padel Club,1,Virgin Active Padel Club,improver,,yes,https://virginactivepadelclub.co.za/products/lok-carb-on-flow-2,"Fluid in every motion, the CARB-ON FLOW 2 blends flexibility, spin, and comfort for advanced-level players. C6 Carbon layers and a balanced structure ensure responsive play, while the Gradual Face and 3D Spin Lines bring superior touch and spin generation. Lightweight, fast, and designed for players who flow naturally across the court."
LOK,LÕK Carb-On Hype,,diamond,,,EVA,carbon,3495,4995,1500,PadelGear,3,PadelDeals | PadelGear | Virgin Active Padel Club,improver,,yes,https://www.padelgear.co.za/products/lok-carb-on-hype,"The Carbon-On Hype racket is a cutting-edge option for advanced-level padel players seeking the perfect balance between power and control, backed by innovative technologies and meticulous design. One of the standout features of the Carbon-On Hype is its asymmetric heart, a technology that optimizes weight distribution in the racket to enhance maneuverability and stability with each stroke. The rac"
LOK,LÕK CARB-ON HYPE 2,,,,,EVA,carbon,4349,4349,0,Virgin Active Padel Club,1,Virgin Active Padel Club,improver,,yes,https://virginactivepadelclub.co.za/products/lok-carb-on-hype-2,"For advanced players chasing the perfect balance of power and feel, the CARB-ON HYPE 2 is pure evolution. Built with C6 Carbon and Custom EVA Rubber, it offers the ideal flex and rebound for aggressive play. Its Gradual Face structure and 3D Spin Lines deliver superior control, while Carbon Reinforcements provide unmatched durability. Designed for those who live the game with passion and precision"
LOK,LÕK CARB-ON HYPE 2 - FRANCO DAL BIANCO,,,,,,carbon,4124,4124,0,Virgin Active Padel Club,1,Virgin Active Padel Club,improver,,yes,https://virginactivepadelclub.co.za/products/lok-carb-on-hype-2-franco-dal-bianco,"Created in collaboration with Franco Dal Bianco, this racket embodies precision at the highest level. The CARB-ON HYPE 2 FDB edition merges the advanced On-Series design with C6 Carbon construction, offering explosive control and fast recovery on every shot. Enhanced with Gradual Face and Spin Line systems, it’s engineered for vibration-free stability and fluid performance."
LOK,LÕK CARB-ON HYPE FDB Edition,,diamond,,,EVA,carbon,4499,4499,0,Virgin Active Padel Club,1,Virgin Active Padel Club,improver,,yes,https://virginactivepadelclub.co.za/products/lok-carb-on-hype-fdb-edition,"Inspired by the Argentine flag, this racket combines elegance and energy, representing the tradition and pride of carrying our colours in every match. A tribute to the Argentinean character: the racket reflects the strength, commitment and passion that defines him, with a design that highlights the values of his accent. The Carb-On Hype racket is a cutting-edge choice for skilled padel enthusiasts"
LOK,LÕK EASY FLOW,,diamond,,,EVA,carbon,2495,2799,304,PadelGear,2,PadelGear | Virgin Active Padel Club,improver,,yes,https://www.padelgear.co.za/products/lok-easy-flow-1,"One of the main features of the Easy Flow racket is its asymmetric heart, a technology that optimizes weight distribution across the racket to enhance maneuverability and stability with each strike. This allows for a quicker and more precise response on the court, resulting in more effective and consistent hits. The racket has a round shape, offering a centered balance and sweet spot aimed at cont"
LOK,LÕK EASY FLOW 2,,,,,,,3374,3374,0,Virgin Active Padel Club,1,Virgin Active Padel Club,improver,,yes,https://virginactivepadelclub.co.za/products/lok-easy-flow-2,"Asymmetric Heart: our heart is the emblem of our rackets and is characterized by its asymmetric design while maintaining a perfect balance. Our most recognizable hallmark. Its unique and original shape gives rise to lateral steps that form the nerves of the heart, offering structural rigidity that provides stability and is key to achieving optimal balance. Among other features, the Asymmetric Hear"
LOK,LÕK EASY HYPE,,diamond,,,EVA,carbon,2495,2799,304,PadelGear,2,PadelGear | Virgin Active Padel Club,improver,,yes,https://www.padelgear.co.za/products/lok-easy-hype-1,"One of the key features of the Easy Hype racket is its asymmetric heart, a technology that optimizes weight distribution across the racket to enhance maneuverability and stability with each hit. This allows for quicker and more precise responses on the court, resulting in more effective and consistent shots. The racket has a mixed carbon fiber surface that contributes to a high comfort touch while"
LOK,LÕK EASY HYPE 2,,round,,,,carbon,3374,3374,0,Virgin Active Padel Club,1,Virgin Active Padel Club,improver,,yes,https://virginactivepadelclub.co.za/products/lok-easy-hype-2,"The EASY HYPE 2 is all about effortless power and precision for the confident intermediate player. Built with FLEX FIBER and mixed carbon technology, it gives every swing a smooth, controlled response. Its Gradual Face design minimizes vibration and improves stability, while the Equal Hole System ensures a consistent sweet spot across the surface. Finished with Carbon Reinforcements for long-lasti"
LOK,LÕK JUNGLE,2026,round,,,EVA,carbon,4499,6499,2000,World of Padel,5,PadelDeals | PadelGear | PadelZone | Virgin Active Padel Club | World of Padel,intermediate,,yes,https://worldofpadel.co.za/product/lok-jungle-padel-racket/,"SMASH THE GAME. UNCAP THE WIN Why just win points when you can also pop a cold one? The Jungle levels up your game and post-match vibes! The Jungle is the racket that unleashes all your energy on the court. Its Asymmetric Heart EVO not only reinforces the structure to give you more stability and rigidity, it also absorbs vibrations and adds a unique detail with its green center piece that can even"
LOK,LÕK Maxx Flow,,,,,EVA,carbon,4549,5495,946,Virgin Active Padel Club,2,PadelDeals | Virgin Active Padel Club,intermediate,,yes,https://virginactivepadelclub.co.za/products/lok-maxx-flow,"The Maxx Flow represents an innovative leap in racket design, engineered to elevate on-court performance to new heights. Central to its prowess is the asymmetric core, a carbon construction that ensures unparalleled rigidity and stability, facilitating optimal energy transfer for enhanced power and precision. Complementing this is the C18 carbon layer, enhancing durability and ensuring consistent "
LOK,LÕK MAXX FLOW 2,,,,,,carbon,4874,4874,0,Virgin Active Padel Club,1,Virgin Active Padel Club,intermediate,,yes,https://virginactivepadelclub.co.za/products/lok-maxx-flow-2,"Designed for high-performance athletes, the MAXX FLOW 2 combines speed, power, and precision in one elegant design. Its Asymmetric Heart architecture, C18 Carbon layering, and Gradual Face construction minimize vibration while maximizing responsiveness. The 3D Spin Lines add extra grip for controlled spin, while the Dynamic Holes System enhances aerodynamics for a faster swing. Finished with a Com"
LOK,LÕK MAXX HYPE,,diamond,,,EVA,carbon,3995,4549,554,PadelGear,2,PadelGear | Virgin Active Padel Club,intermediate,,yes,https://www.padelgear.co.za/products/lok-maxx-hype-1,"Mike Yangua´s padel racket, the Maxx Hype is the LÕK's most technological attacking racket for PRO level players. Its asymmetric heart offers structural rigidity that provides stability and is key to achieving optimal balance. Constructed with C18 Carbon in three different layers and featuring the Gradual Face and Vibration Groove system to help reduce vibration. Additionally, the 3D Spin Lines sy"
LOK,LÕK Maxx Hype Yanguas World Racket,2026,diamond,,high,foam,carbon,5624,7495,1871,Virgin Active Padel Club,2,PadelGear | Virgin Active Padel Club,intermediate,,yes,https://virginactivepadelclub.co.za/products/lok-maxx-hype-yanguas-world-racket,"Power, precision, and pure adrenaline. The LÕK Maxx Hype Yanguas World edition is the official signature racket of professional star Mike Yanguas, engineered specifically for advanced attacking players who want a firm, explosive response at the net. Built with a high balance and an aggressive diamond shape, this racket puts maximum weight behind your smashes, víboras, and bandejas. Despite its dev"
Nox,2025 Nox AT10 Genius 18K Alum by Agustin Tapia,2025,teardrop,360,,EVA,18K carbon,4295,4295,0,PadelDeals,1,PadelDeals,improver,,yes,https://padeldeals.co.za/products/2025-nox-at10-genius-18k-alum-by-agustin-tapia,"The 2025 NOX AT10 Genius 18K Alum by Agustin Tapia is the latest evolution of the AT10 Luxury Genius series, designed for top-level performance. Featuring an 18K Alum Carbon surface and a MLD Black Eva Core, this racket delivers a perfect balance of speed and control with an exceptionally comfortable feel. The incorporation of EOS Flap technology enhances handling, while the EXCLUSIVE SPIN system "
Nox,2025 Nox Future Attack 12k,2025,,,,,12K carbon,3150,3150,0,PadelDeals,1,PadelDeals,improver,,yes,https://padeldeals.co.za/products/2025-nox-future-attack-12k,
Nox,2025 Nox Future Control 12k,2025,,,,,12K carbon,3150,3150,0,PadelDeals,1,PadelDeals,improver,,yes,https://padeldeals.co.za/products/2025-nox-future-control-12k,
Nox,2025 Nox Future Hybrid 12k,2025,teardrop,360,,EVA,12K carbon,3150,3150,0,PadelDeals,1,PadelDeals,improver,,yes,https://padeldeals.co.za/products/2025-nox-future-hybrid,"Introducing the 2025 Nox TL10 Quantum 12K by Tino Libaak, a racket designed for players seeking the perfect balance between control and power. Featuring a cutting-edge hybrid format, this racket offers unbeatable versatility, whether you're on defense or launching an aggressive attack. Its 12K carbon fiber and HR3 core deliver a comfortable yet precise feel, while the exclusive EXCLUSIVE SPIN tech"
Nox,2025 Nox NextGen Pro Attack 3K,2025,diamond,,,EVA,3K carbon,2995,3495,500,PadelDeals,2,PadelDeals | World of Padel,improver,,yes,https://padeldeals.co.za/products/2025-nox-nextgen-pro-attack-3k,"Designed for the future stars of the Nox Future Academy (NFA), the NextGen PRO Attack 3K is the perfect choice for players looking for power, precision and high performance. The NextGen PRO Attack 3K belongs to the NFA Series, designed for players with an aggressive and offensive style of play. Its construction and advanced technologies make it the best ally for those who seek to dominate the net "
Nox,2025 Nox NextGen Pro Hybrid 3K NFA Series,2025,teardrop,,,EVA,3K carbon,2995,3495,500,PadelDeals,2,PadelDeals | World of Padel,improver,,yes,https://padeldeals.co.za/products/2025-nox-nextgen-pro-hybrid-3k-nfa-series,"Introducing the weapon of choice Made for the very best NOX Future Academy players, the Nextgen Pro Hybrid 3K is designed for a precision balance between power and control. and overall high performance. This Padel Racket allows you to be adaptable and perform with confidence. With a slogan like “NOX Makes You Better” its no wonder this has become one of the most loved Padel brands to ever exist. W"
Nox,2025 Nox Quantum 12K Carbon,2025,diamond,360,,EVA,12K carbon,3995,3995,0,PadelDeals,1,PadelDeals,improver,,yes,https://padeldeals.co.za/products/2025-nox-la10-quantum-12k-by-leo-augsburger,"The 2025 Nox LA10 Quantum 12K by Leo Augsburger is a high-performance padel racket designed for aggressive players who seek maximum power in their attacking shots. Its diamond shape, profiled edges for increased aerodynamics, and extended grip enhance speed and handling, making it a lethal weapon on the court. Built with 12K carbon fiber and an HR3 Color Eva core, it offers a perfect blend of comf"
Nox,2025 Nox Quantum 12k Carbon Bundle,2025,,,,,12K carbon,5995,5995,0,PadelDeals,1,PadelDeals,intermediate,,yes,https://padeldeals.co.za/products/2025-nox-quantum-12k-carbon-bundle,
Nox,2025 Nox Quantum Cobalt 12K,2025,teardrop,360,,EVA,12K carbon,3995,3995,0,PadelDeals,1,PadelDeals,improver,,yes,https://padeldeals.co.za/products/2025-nox-quantum-cobalt-12k,"Introducing the 2025 Nox TL10 Quantum 12K by Tino Libaak, a racket designed for players seeking the perfect balance between control and power. Featuring a cutting-edge hybrid format, this racket offers unbeatable versatility, whether you're on defense or launching an aggressive attack. Its 12K carbon fiber and HR3 core deliver a comfortable yet precise feel, while the exclusive EXCLUSIVE SPIN tech"
Nox,2025 Nox Quantum Cobalt 12K Bundle,2025,,,,,12K carbon,5795,5795,0,PadelDeals,1,PadelDeals,intermediate,,yes,https://padeldeals.co.za/products/2025-nox-quantum-cobalt-12k-bundle,
Nox,2026 Nox AT10 Genius 12K Alum XTREM by Agustín Tapia,2026,,,,,12K carbon,4995,4995,0,PadelDeals,1,PadelDeals,intermediate,,yes,https://padeldeals.co.za/products/at10-luxury-genius-12k-alum-xtrem-2026-by-agustin-tapia,"The AT10 12K Alum XTREM 2026 has been designed alongside Agustín Tapia for players seeking a firmer feel and the perfect balance between power and control. The mould has been updated, and in terms of technological innovation, it features the key highlights of the new AT10 collection: the Weight Balance counterweight system to adjust the racket’s balance, Photochromic Paint reactive finish and the "
Nox,2026 Nox AT10 Genius 12K Alum XTREM Lite by Agustín Tapia,2026,,355,,EVA,12K carbon,4995,5000,5,PadelDeals,2,PadelDeals | World of Padel,intermediate,,yes,https://padeldeals.co.za/products/at10-luxury-genius-12k-alum-xtrem-lite-2026-by-agustin-tapia,"The AT10 12K Alum XTREM Lite 2026 has been developed alongside Agustín Tapia for players seeking the perfect balance of power, control and greater lightness in their game. Weighing between 355 and 365 grams, this racket offers superior manoeuvrability without compromising the characteristic performance of the AT10 range. It features the new 2026 Luxury series mould and key innovations such as the "
Nox,2026 Nox AT10 Genius 12K Attack Alum XTREM by Agustín Tapia,2026,diamond,360,high,EVA,12K carbon,4199,5799,1600,World of Padel,3,PadelDeals | The Padel Market | World of Padel,intermediate,,yes,https://worldofpadel.co.za/product/2026-nox-at10-genius-12k-attack-alum-xtrem-by-agustin-tapia/,"The AT10 12K Alum XTREM Attack 2026 has been developed alongside Agustín Tapia for aggressive players seeking maximum power with a solid, firm feel on every shot. Its diamond shape, high balance and longer grip offer offensive play without compromising control. It features the key innovations of the new AT10 collection: the Weight Balance counterweight system, allowing personalised racket balance,"
Nox,2026 Nox AT10 Genius 12K Bundle,2026,,,,,12K carbon,7995,7995,0,PadelDeals,1,PadelDeals,advanced,,yes,https://padeldeals.co.za/products/2026-nox-at10-genius-12k-bundle,
Nox,2026 Nox AT10 Genius 18K Alum by Agustín Tapia,2026,teardrop,360,,EVA,18K carbon,4750,5495,745,World of Padel,2,PadelDeals | World of Padel,intermediate,,yes,https://worldofpadel.co.za/product/2026-nox-at10-genius-18k-alum-by-agustin-tapia/,"The new AT10 Genius 18K Alum for the 2026 season raises the bar in innovation, evolving the racket with which Agustín Tapia reached the pinnacle of world padel with a new mould. This year, the racket used by the “Mozart of Catamarca” features the revolutionary Weight Balance counterweight system, allowing you to adjust the racket’s balance to your playing style for a fully personalised experience."
Nox,2026 Nox AT10 Genius 18K Attack Alum by Agustín Tapia,2026,diamond,360,high,EVA,18K carbon,4995,4999,4,PadelDeals,2,PadelDeals | World of Padel,intermediate,,yes,https://padeldeals.co.za/products/at10-luxury-genius-attack-18k-alum-2026-by-agustin-tapia,"The new AT10 Genius Attack 18K Alum 2026 comes revamped for aggressive players looking for maximum power without losing precision. With its diamond format, high balance and longer grip, it is the perfect racket to dominate the offensive game. This season, it has been redesigned with an improved mould, and the standout innovation is the Weight Balance counterweight system, allowing you to adjust th"
Nox,2026 NOX AT10 Genius 18k Bundle,2026,,,,,18K carbon,8495,8495,0,PadelDeals,1,PadelDeals,advanced,,yes,https://padeldeals.co.za/products/2026-nox-at10-genius-18k-bundle,
Nox,2026 Nox EA10 Ventus Attack 12K XTREM by Edu Alonso,2026,diamond,,high,EVA,12K carbon,4395,5995,1600,PadelDeals,2,PadelDeals | PadelGear,improver,,yes,https://padeldeals.co.za/products/ea10-ventus-attack-12k-xtrem-by-edu-alonso,"The EA10 Ventus Attack 12K XTREM, designed in collaboration with Edu Alonso, is designed for players looking to dominate the attacking game and make every shot count. It features the new mould from the 2026 Luxury racket collection, which improves aerodynamics and overall performance. Its diamond shape, longer grip and high attacking balance allow for powerful shots while maintaining the precision"
Nox,2026 Nox NextGen Pro Attack 12K,2026,diamond,,,foam,12K carbon,4995,5495,500,PadelGear,2,PadelDeals | PadelGear,intermediate,,yes,https://www.padelgear.co.za/products/nox-nextgen-pro-hybrid-12k-2026-copy,"Bring explosive power and a sharp, aggressive aesthetic to the court with the NOX NextGen Pro Attack 12K NFA Series. Crafted specifically for intermediate to advanced players who want to dominate rallies and finish points with authority, this 2026 model offers a highly offensive response without sacrificing structural stability. Whether you are dictating the pace from the net or stepping up for a "
Nox,2026 Nox NextGen Pro Hybrid 12K,2026,,,,,12K carbon,5495,5495,0,PadelDeals,1,PadelDeals,intermediate,,yes,https://padeldeals.co.za/products/2026-nox-nextgen-pro-hybrid-12k,
Nox,2026 Nox VK10 Ventus Hybrid 12K Lite,2026,teardrop,355,medium,EVA,12K carbon,3750,5995,2245,PadelDeals,2,PadelDeals | PadelGear,improver,,yes,https://padeldeals.co.za/products/2026-ventus-hybrid-12k-lite,"The Ventus Hybrid 12K Lite is designed for players seeking the perfect balance between control and power, with greater manoeuvrability thanks to its reduced weight of 355–365g. It features the new mould from the 2026 Luxury racket collection, which improves aerodynamics and overall performance.﻿ Its teardrop shape and medium balance provide an agile, versatile response, ideal for adapting to any m"
Nox,2x 2025 Nox AT10 Genius 18K Alum by Agustin Tapia,2025,,,,,18K carbon,7995,7995,0,PadelDeals,1,PadelDeals,advanced,,yes,https://padeldeals.co.za/products/2x-2025-nox-at10-genius-18k-alum-by-agustin-tapia,
Nox,2x 2025 Nox NextGen Pro Hybrid 3K NFA Series Padel Rackets,2025,,,,,3K carbon,5995,5995,0,PadelDeals,1,PadelDeals,intermediate,,yes,https://padeldeals.co.za/products/2x-2025-nox-nextgen-pro-hybrid-3k-nfa-series-padel-rackets,
Nox,2x 2025 Nox Quantum 12K Carbon,2025,,,,,12K carbon,7495,7495,0,PadelDeals,1,PadelDeals,advanced,,yes,https://padeldeals.co.za/products/2x-2025-nox-quantum-12k-carbon,
Nox,2x 2025 Nox Quantum Cobalt 12K,2025,,,,,12K carbon,7495,7495,0,PadelDeals,1,PadelDeals,advanced,,yes,https://padeldeals.co.za/products/2x-2025-nox-quantum-cobalt-12k,
Nox,2x 2026 Nox AT10 Genius 18K padel rackets,2026,,,,,18K carbon,9995,9995,0,PadelDeals,1,PadelDeals,advanced,,yes,https://padeldeals.co.za/products/2x-nox-at10-genius-18k,
Nox,2x Nox AT10 Genius 12K Padel Rackets,,,,,,12K carbon,9995,9995,0,PadelDeals,1,PadelDeals,advanced,,yes,https://padeldeals.co.za/products/2x-nox-at10-genius-12k-padel-rackets,
Nox,NOX  Equation Advanced Soft 2026,2026,round,360,medium,soft EVA,3K carbon,2599,4499,1900,World of Padel,2,PadelZone | World of Padel,improver,,yes,https://worldofpadel.co.za/product/2026-equation-advanced-soft/,"The NOX Equation Advanced Soft 2026 is a round-shaped Padel Racket engineered for intermediate and advanced players who prioritise control, comfort, and precision on every shot. Its generous sweet spot and medium balance combine to deliver a forgiving yet responsive feel that supports confident play in any match situation. NOX has been at the forefront of Padel innovation since 2009, crafting rack"
Nox,NOX 12K AT10 Genius Alum by Agustin Tapia | 2026,2026,,,,,12K carbon,7995,7995,0,PadelGear,1,PadelGear,advanced,,yes,https://www.padelgear.co.za/products/nox-12k-at10-genius-alum-by-agustin-tapia-2026,"The AT10 12K Alum XTREM 2026 has been designed alongside Agustín Tapia for players seeking a firmer feel and the perfect balance between power and control. The mould has been updated, and in terms of technological innovation, it features the key highlights of the new AT10 collection: the Weight Balance counterweight system to adjust the racket’s balance, Photochromic Paint reactive finish and the "
Nox,NOX 12K Attack AT10 Genius by Agustin Tapia Padel Racket | 2026,2026,diamond,,high,,12K carbon,7495,7495,0,PadelGear,1,PadelGear,advanced,,no,https://www.padelgear.co.za/products/nox-12k-attack-at10-genius-by-agustin-tapia-2027,"NOX AT10 12K Attack 2026 Racket Overview The NOX AT10 12K Attack 2026 is crafted with Agustin Tapia for advanced padel players who want exceptional power and a firm, responsive feel on every shot. This premium model supports an aggressive playing style while maintaining excellent touch and control. Power Focused Diamond Shape With its diamond shape, high balance and extended grip, this racket offe"
Nox,NOX AT10 Genius 12K 2025 Padel Racket,2025,,360,medium,foam,18K carbon,3899,3899,0,World of Padel,1,World of Padel,improver,,no,https://worldofpadel.co.za/product/nox-at-10ngenius-12k-2025/,"NOX AT10 Genius 12K 2025 Padel Racket The NOX AT10 Genius 12K 2025 is a high-performance padel racket designed for players seeking precision, control, and versatility with a touch of power. Constructed with a 12K Carbon Fiber surface , this racket offers a softer and more responsive feel compared to the 18K variant, making it an excellent choice for players who prioritize finesse and adaptability."
Nox,Nox AT10 Genius 18K &#8211; Buenos Aires Limited Edition Pack | Agustin Tapia,,,,,EVA,18K carbon,6999,6999,0,World of Padel,1,World of Padel,advanced,,yes,https://worldofpadel.co.za/product/2025-nox-at10-genius-18k-buenos-aires-limited-edition-pack-agustin-tapia/,"Nox AT10 Genius 18K – Buenos Aires Limited Edition Pack | Agustin Tapia Limited to just 1,000 units worldwide, this exclusive model celebrates the Premier Padel Buenos Aires P1 and features a unique colourway inspired by the Argentine flag. The NOX AT10 Luxury Genius 18K Alum Buenos Aires Edition is a rare collector’s item and high-performance padel racket, designed in tribute to Agustín Tapia’s A"
Nox,NOX AT10 Genius 18K 2025 Padel Racket,2025,teardrop,360,medium,EVA,18K carbon,3799,3899,100,The Padel Market,2,The Padel Market | World of Padel,improver,,no,https://thepadelmarket.co.za/products/nox-at10-genius-18k-2025,"NOX AT10 Genius 18K 2025 Padel Racket The NOX AT10 Genius 18K 2025 , part of the iconic Genius line by Agustin Tapia, is a revamped bestseller offering advanced players the ultimate blend of power, precision, and control. The 2025 edition introduces significant improvements based on feedback from Agustin Tapia, including a higher balance point for enhanced speed, a new octagon cap for better maneu"
Nox,NOX AT10 Genius 18K 2025 Padel Racket – Buenos Aires Limited Edition,2025,teardrop,360,,EVA,18K carbon,5999,5999,0,The Padel Market,1,The Padel Market,intermediate,,no,https://thepadelmarket.co.za/products/nox-at10-genius-18k-buenos-aires-limited-edition-2025,"Elite Performance Inspired by Agustín Tapia. The Padel Market Playing Profile Teardrop · Hybrid · Advanced Power Very high Control High Comfort High Manoeuvrability High Shape Teardrop Level Advanced Description The NOX AT10 Genius 18K 2025 is a teardrop padel racket from NOX's AT10 Genius line, co-designed with World No.1 Agustín Tapia. Its teardrop shape balances control and power for advanced a"
Nox,NOX AT10 Genius 18K 2026 Padel Racket,2026,teardrop,360,,EVA,18K carbon,4799,4799,0,The Padel Market,1,The Padel Market,intermediate,,yes,https://thepadelmarket.co.za/products/nox-at10-attack-18k-2026,"NOX AT10 Genius 18K 2026. teardrop all-court racket from The Padel Market. The Padel Market Playing Profile Teardrop · Hybrid · Advanced Power Very high Control High Comfort High Manoeuvrability High Shape Teardrop Level Advanced Description The NOX AT10 Genius 18K 2026 is a teardrop padel racket from NOX's AT10 Genius line, co-designed with World No.1 Agustín Tapia. Its teardrop shape balances co"
Nox,NOX AT10 Genius 18K Alum Argentina Edition Padel Racket 2026,2026,teardrop,360,,EVA,18K carbon,5999,5999,0,The Padel Market,1,The Padel Market,intermediate,,yes,https://thepadelmarket.co.za/products/nox-at10-genius-18k-argentina-edition-2026,"A limited edition tribute to Argentina. Tapia's versatile all-court teardrop, dressed in the colours of the Argentine flag. The Padel Market Playing Profile Teardrop · Hybrid · Advanced Power Very high Control High Comfort High Manoeuvrability High Shape Teardrop Weight 360-375g Face 18K Alum Carbon Core MLD Black EVA Balance Medium Level Advanced Description The NOX AT10 Genius 18K Alum Argentina"
Nox,NOX AT10 Genius 18K By Agustin Tapia Padel Racket,,teardrop,360,,foam,18K carbon,3799,3799,0,World of Padel,1,World of Padel,improver,,no,https://worldofpadel.co.za/product/at10-genius-18k-by-agustin-tapia/,"NOX AT10 Genius 18K By Agustin Tapia 2024 Padel Racket Experience the NOX AT10 Genius 18K By Agustin Tapia , the ultimate padel racket for the 2024 season, designed to revolutionize your game. This cutting-edge racket combines new mold innovations, advanced materials, and the latest technologies to deliver exceptional performance and comfort. Whether you’re dominating at the net or playing strateg"
Nox,NOX AT10 Genius Junior,,teardrop,,,,carbon,2799,2799,0,PadelZone,1,PadelZone,improver,,yes,https://padelzone.co.za/products/nox-at10-genius-junior-padel-racket,"Give the next generation of Padel stars the tools to shine with the NOX AT10 Genius Junior—an elite-level junior Padel racket designed for young players who want to play like the pros. Inspired by the iconic AT10 used by Agustín Tapia, this scaled-down version delivers serious performance in a lighter, more manageable frame for growing athletes. Crafted with a teardrop shape and a lightweight fibe"
Nox,Nox AT10 Genius Junior 2025 Agustín Tapia,2025,round,300,,,carbon,2399,2399,0,World of Padel,1,World of Padel,beginner,,yes,https://worldofpadel.co.za/product/nox-at-10-junior/,"NOX AT10 GENIUS JUNIOR BY AGUSTIN TAPIA AT10 GENIUS JR by Agustín Tapia – The racquet of the young promises Agustin Tapia’s little fans can now enjoy their own version of the AT10 Luxury Genius, a racket designed specifically for young padel promises. Maintaining the essence of the original model, this version adapts to the needs of the youngest players, facilitating handling and learning on the c"
Nox,NOX AT10 Luxury Genius 12K Alum EXTREM Lite by Agustín Tapia,,,,,EVA,12K carbon,6499,6499,0,PadelZone,1,PadelZone,intermediate,,yes,https://padelzone.co.za/products/nox-at10-luxury-genius-12k-alum-extrem-lite-padel-racket-by-agustin-tapia,"The latest in NOX innovation is here with the AT10 Genius 12K Alum XTREM Lite 2026, developed alongside Agustín Tapia for players seeking the perfect balance of power, control and superior manoeuvrability. Weighing between 355-365 grams, this lighter Padel Racket offers dynamic, agile play without compromising the characteristic performance of the AT10 range, featuring revolutionary 12K Alum Xtrem"
Nox,Nox AT10 Luxury Genius 12K Alum Xtrem 2026 By Agustin Tapia,2026,,360,,EVA,12K carbon,6000,6000,0,World of Padel,1,World of Padel,intermediate,,yes,https://worldofpadel.co.za/product/nox-at10-luxury-genius-12k-alum-xtrem-2026-by-agustin-tapia/,"Nox AT10 Luxury Genius 12K Alum Xtrem 2026 By Agustin Tapia The AT10 12K Alum XTREM 2026 has been designed alongside Agustín Tapia for players seeking a firmer feel and the perfect balance between power and control. We’ve updated the mould, and in terms of technological innovation, it features the key highlights of the new AT10 collection: the Weight Balance counterweight system to adjust the rack"
Nox,NOX AT10 Luxury Genius 12K Alum Xtrem 2026 Padel Racket,2026,teardrop,360,,EVA,18K carbon,4499,4499,0,The Padel Market,1,The Padel Market,improver,,yes,https://thepadelmarket.co.za/products/at10-luxury-genius-12k-alum-xtrem-2026,"NOX AT10 Luxury Genius 12K Alum Xtrem 2026. teardrop all-court racket from The Padel Market. The Padel Market Playing Profile Teardrop · Hybrid · Advanced Power Very high Control High Comfort High Manoeuvrability High Shape Teardrop Level Advanced Description The NOX AT10 Luxury Genius 12K Alum Xtrem 2026 is a teardrop padel racket from NOX's AT10 Genius line, co-designed with World No.1 Agustín T"
Nox,NOX AT10 Luxury Genius 12K Alum XTREM by Agustín Tapia,,,,,EVA,12K carbon,6999,6999,0,PadelZone,1,PadelZone,advanced,,yes,https://padelzone.co.za/products/nox-at10-genius-luxury-genius-12k-alum-xtrem-2026-by-agustin-tapia,"Introducing Agustín Tapia's latest evolution for 2026, the all new NOX AT10 Luxury Genius 12K Alum XTREM Padel Racket designed for players seeking a firmer feel and the perfect balance between explosive power and precision control. Featuring revolutionary 12K Alum Xtrem carbon technology and the game-changing Weight Balance system for ultimate customisation. With a slogan like ""NOX Makes You Bette"
Nox,NOX AT10 Luxury Genius 18K Alum by Agustín Tapia,,,,,EVA,18K carbon,8899,8899,0,PadelZone,1,PadelZone,advanced,,yes,https://padelzone.co.za/products/nox-at10-luxury-genius-18k-alum-padel-racket-by-agustin-tapia,"Agustín Tapia's 2026 evolution continues with the all new NOX AT10 Luxury Genius 18K Alum Padel Racket that raises the bar in innovation. This is the racket that took the ""Mozart of Catamarca"" to the pinnacle of world Padel, now enhanced with revolutionary Weight Balance customisation and stunning Photochromic Paint technology for the ultimate professional performance. With a slogan like ""NOX Make"
Nox,NOX AT10 Luxury Genius Attack 12K Alum EXTREM by Agustín Tapia,,diamond,,high,EVA,12K carbon,5999,5999,0,PadelZone,1,PadelZone,intermediate,,yes,https://padelzone.co.za/products/nox-at10-luxury-genius-attack-12k-alum-extrem-padel-racket-by-agustin-tapia,"Introducing the all new AT10 Genius Attack 12K Alum XTREM 2026, developed by NOX alongside Agustín Tapia for aggressive players seeking maximum power with a solid, firm feel on every shot. With its diamond shape, high balance and revolutionary 12K Alum Xtrem carbon technology, this elite Padel Racket is engineered to dominate offensive play whilst delivering exceptional durability and temperature-"
Nox,NOX AT10 Luxury Genius Attack 18K Alum 2026 Padel Racket,2026,diamond,375,,EVA,18K carbon,5499,5499,0,The Padel Market,1,The Padel Market,intermediate,,yes,https://thepadelmarket.co.za/products/nox-at10-luxury-genius-attack-18k-alum-2026,"Dominate the Court with the NOX AT10 Luxury Genius Attack 18K Alum 2026. The Padel Market Playing Profile Diamond · Power · Advanced Power Very high Control Low Comfort Low Manoeuvrability Medium Shape Diamond Weight ~360‑375g Level Advanced Description The NOX AT10 Luxury Genius Attack 18K Alum 2026 is a diamond-shaped power racket from NOX's AT10 Genius Attack line, co-designed with Agustín Tapi"
Nox,NOX AT10 Luxury Genius Attack 18K Alum by Agustín Tapia,,diamond,,high,EVA,18K carbon,8199,8199,0,PadelZone,1,PadelZone,advanced,,yes,https://padelzone.co.za/products/nox-at10-luxury-genius-attack-18k-alum-padel-racket-by-agustin-tapia,"Introducing the all new AT10 Genius Attack 18K Alum 2026, made by NOX for aggressive players seeking maximum power in their attacking shots whilst maintaining exceptional precision. With its diamond shape, high balance and extended grip, this high performance Padel Racket is engineered to dominate the offensive game with the revolutionary 18K Alum carbon face and customisable Weight Balance system"
Nox,NOX AT10 Pro Cup Comfort 2026 Padel Racket,2026,teardrop,,medium,soft EVA,carbon,4299,4299,0,PadelZone,1,PadelZone,improver,,yes,https://padelzone.co.za/products/nox-at10-pro-cup-comfort-2026-padel-racket,"The NOX AT10 Pro Cup Comfort 2026 is a teardrop-shaped Padel Racket built for advanced players who demand precision, comfort, and all-round versatility from every position on the court. NOX has been synonymous with professional Padel since the brand backed Agustín Tapia to world number one — and the AT10 Pro Cup Comfort carries that heritage with pride. Where the Hard variant fires with aggression"
Nox,NOX AT10 Pro Cup Comfort By Agustin Tapia Padel Racket | 2026,2026,teardrop,,,soft EVA,,4995,4995,0,PadelGear,1,PadelGear,intermediate,,yes,https://www.padelgear.co.za/products/nox-at10-pro-cup-comfort-by-agustin-tapia-2026,"The NOX AT10 Pro Cup Comfort 2026 is a teardrop-shaped padel racket built for advanced players who demand precision, comfort, and all-round versatility from every position on the court. NOX has long been synonymous with professional padel, particularly since the brand supported Agustín Tapia on his rise to world number one. The AT10 Pro Cup Comfort proudly carries that heritage. While the Hard var"
Nox,NOX AT10 Pro Cup Hard 2026,2026,teardrop,360,medium,hard EVA,carbon,3399,4299,900,The Padel Market,2,PadelZone | The Padel Market,improver,,yes,https://thepadelmarket.co.za/products/nox-at10-pro-cup-hard-2026-padel-racket,"Introducing the all new NOX AT10 Pro Cup Hard 2026 by Agustín Tapia, updating its design whilst maintaining the essence of an iconic racket. Featuring a teardrop shape with medium balance and Fibreglass Alum face, this powerful Padel Racket combines HR3 Hard EVA core with revolutionary EOS Flap technology for advanced players who prioritise power and a firm feel, making it perfect for multipurpose"
Nox,NOX AT10 Pro Cup Hard by Agustín Tapia 2026,2026,,360,,hard EVA,carbon,3495,3495,0,World of Padel,1,World of Padel,improver,,yes,https://worldofpadel.co.za/product/2026-at10-pro-cup-hard-by-agustin-tapia/,"About The new AT10 Pro Cup HARD 2026 updates its design while maintaining the essence of an iconic racket, now featuring the mould used by Agustín Tapia in 2025. It incorporates the latest high-performance innovations such as the EOS Flap, which enhances aerodynamics and manoeuvrability, and the Pulse System, which reduces vibrations for a more comfortable and stable game. Designed for players who"
Nox,NOX AT10 Pro Cup Soft 2026 Padel Racket,2026,teardrop,360,,soft EVA,carbon,3399,3399,0,The Padel Market,1,The Padel Market,improver,,no,https://thepadelmarket.co.za/products/nox-at10-pro-cup-soft-2026-padel-racket,NOX AT10 Pro Cup Soft 2026. teardrop control racket from The Padel Market. The Padel Market Playing Profile Teardrop · Control · Intermediate Power Medium Control Very high Comfort Very high Manoeuvrability Very high Shape Teardrop Weight 360-375g Face Aluminised Fibreglass Core HR3 Soft Balance Medium Level Intermediate Description The NOX AT10 Pro Cup Soft 2026 is a teardrop padel racket from NO
Nox,NOX AT10 Pro Cup Soft by Agustín Tapia 2026,2026,,360,,soft EVA,carbon,3400,3400,0,World of Padel,1,World of Padel,improver,,yes,https://worldofpadel.co.za/product/2026-at10-pro-cup-soft-by-agustin-tapia/,"About The AT Pro Cup Soft 2026 evolves with the mould of Agustín Tapia’s 2025 racket, incorporating advanced technologies such as the EOS Flap, which improves aerodynamics and manoeuvrability, and the Pulse System, designed to reduce vibrations and maximise comfort on every shot. Designed for players who prioritise control, this racket combines aluminised fibreglass with an HR3 Soft EVA core, deli"
Nox,NOX EA10 Ventus Attack Hybrid 12K XTREM by Edu Alonso,,diamond,,,EVA,12K carbon,5999,5999,0,PadelZone,1,PadelZone,intermediate,,yes,https://padelzone.co.za/products/nox-ea10-ventus-attack-hybrid-12k-xtrem-padel-racket-by-edu-alonso,"Introducing the all new EA10 Ventus Attack 12K XTREM, designed in collaboration with Edu Alonso for players looking to dominate the attacking game and make every shot count. With its diamond shape, high attacking balance and extended grip, this aggressive Padel Racket features the new 2026 Luxury collection mould with 12K Xtrem carbon technology for powerful shots whilst maintaining the precision "
Nox,NOX EA10 Ventus Hybrid 12K XTREM by Edu Alonso,2026,teardrop,360,medium,EVA,12K carbon,4299,5995,1696,World of Padel,4,PadelDeals | PadelGear | PadelZone | World of Padel,intermediate,,yes,https://worldofpadel.co.za/product/2026-nox-ea10-ventus-hybrid-12k-xtrem-by-edu-alonso/,"Designed together with Edu Alonso, one of the most outstanding young Spaniards on the professional circuit, the EA10 Ventus Hybrid 12K XTREM is designed for players who experience padel with maximum energy during every point. With its teardrop shape and perfect balance, this racket responds with agility on fast shots and offers the power and control needed to adapt to any situation. It features th"
Nox,Nox equation 2025,2025,,360,medium,EVA,3K carbon,2999,2999,0,World of Padel,1,World of Padel,improver,,no,https://worldofpadel.co.za/product/nox-equation-2025/,"Nox equation 2025 The EQUATION Advanced 2025 padel racket is designed for players seeking ultimate control, precision, and comfort. Its medium balance and carbon frame ensure stability, while the 3K fiberglass and HR3 Black Eva Core deliver exceptional feel and power. The 3D rough surface enhances spin for advanced gameplay. Featuring the innovative Smartstrap® system, it offers hygiene, safety, a"
Nox,NOX Equation Hard 2026 Padel Racket,2026,round,360,medium,hard EVA,3K carbon,2499,2499,0,The Padel Market,1,The Padel Market,beginner,,yes,https://thepadelmarket.co.za/products/nox-equation-hard-2026,"Control with Authority. Firm Feel. Built for Confident Play. The Padel Market Playing Profile Round · Hybrid · Intermediate Power High Control Very high Comfort Very high Manoeuvrability High Shape Round Weight 360-375g Face 3K Carbon Core HR3 EVA Balance Medium Level Intermediate Description The NOX Equation Hard 2026 is a round-shaped padel racket from NOX's Equation line, built for intermediate"
Nox,NOX Equation Hard Advanced 2026 Padel Racket,2026,round,,medium,hard EVA,3K carbon,3299,3299,0,PadelZone,1,PadelZone,improver,,yes,https://padelzone.co.za/products/nox-equation-hard-advanced-2026-padel-racket,"The NOX Equation Hard Advanced 2026 is a round-shaped Padel Racket built for intermediate players who want a controlled, firm response and the ability to generate spin from every position on the court. NOX has built its reputation on rackets that bridge the gap between accessible and professional-grade, and the Equation series is the brand's answer for players stepping up their game. The Hard Adva"
Nox,NOX Equation Lady Advanced Series Padel Racket,,round,350,,EVA,3K carbon,2499,2499,0,The Padel Market,1,The Padel Market,beginner,,yes,https://thepadelmarket.co.za/products/nox-equation-lady-advanced-series,"A lightweight, forgiving control racket for women playing at intermediate level. Award-winning Equation platform, easy to handle all match long. The Padel Market Playing Profile Round · Control · Intermediate Power Low Control Very high Comfort Very high Manoeuvrability Very high Shape Round Weight 350-365g Face 3K Fibreglass Core HR3 EVA Balance Head light Level Intermediate Description The NOX E"
Nox,NOX Equation Soft 2026 Padel Racket,2026,round,355,medium,soft EVA,3K carbon,2499,2499,0,The Padel Market,1,The Padel Market,beginner,,yes,https://thepadelmarket.co.za/products/nox-equation-soft-2026-padel-racket,"NOX Equation Soft 2026. round control racket from The Padel Market. The Padel Market Playing Profile Round · Control · Intermediate Power Low Control Very high Comfort Very high Manoeuvrability Very high Shape Round Weight 355-375g Face Fiberglass 3K Core HR3 Soft Balance Medium Level Intermediate Description The NOX Equation Soft 2026 is a round-shaped padel racket from NOX's Equation line, built"
Nox,Nox ML10 Pro Cup 3K Luxury Series Racket,,round,360,,foam,3K carbon,3500,3500,0,World of Padel,1,World of Padel,improver,,no,https://worldofpadel.co.za/product/ml10-pro-cup-3k-luxury-series-racket-2/,"Nox ML10 Pro Cup 3K Luxury Series Racket Designed for Miguel Lamperti and produced by NOX the ML10 Pro Cup is nothing short of spectacular. With the incorporation of a newly designed mold, this Padel Racket has new advantages together with some of the old favorites in technology like the HR3 Core and 3K carbon fiber face. This means you get the familiar feel of the NOX quality and performance with"
Nox,Nox ML10 Pro Cup Rough Surface,,round,360,,foam,3K carbon,2499,2499,0,World of Padel,1,World of Padel,beginner,,no,https://worldofpadel.co.za/product/ml10-pro-cup-rough-surface-2/,"Nox ML10 Pro Cup Rough Surface The Nox ML10 Pro Cup Rough Surface is a high-performance padel racket designed for intermediate to advanced players who demand control, power, and enhanced spin. Featuring a unique silica sand rough finish, this racket offers greater ball grip, making it perfect for players who rely on precision and spin in their shots. The advanced construction, including a carbon f"
Nox,NOX ML10 Ventus Control 3K by Miguel Lamperti,2026,round,360,,EVA,3K carbon,4000,7799,3799,World of Padel,3,PadelDeals | PadelZone | World of Padel,improver,,yes,https://worldofpadel.co.za/product/2026-nox-ml10-ventus-control-3k-by-miguel-lamperti/,"The ML10 Ventus Control 3K, Miguel Lamperti’s new ally, arrives with a new mould to take one of padel’s most iconic models to the next level. Recognised for two consecutive years by Testea as the best control racket, this version marks a true revolution of a classic. Its round shape and balanced weight distribution provide a wide sweet spot for absolute control on every shot—ideal for dictating th"
Nox,NOX NextGen Pro 12K Attack - NFA Series,,diamond,360,high,foam,12K carbon,4999,4999,0,PadelZone,1,PadelZone,intermediate,,yes,https://padelzone.co.za/products/nox-nextgen-pro-attack-12k-2026-padel-racket,"The NOX NextGen Pro Attack 12K NFA Series 2026 is a diamond-shaped Padel Racket for intermediate and advanced players who finish points through pressure, speed and decisive overheads. Its high-balance profile, medium-hard feel and official 9.5/10 power rating put serious authority behind smashes, attacking volleys and fast transitions to the net. Developed within NOX 's Future Academy NFA Series, "
Nox,NOX NextGen Pro 12K Hybrid - NFA Series,,teardrop,360,medium,foam,12K carbon,4999,4999,0,PadelZone,1,PadelZone,intermediate,,yes,https://padelzone.co.za/products/nox-nextgen-pro-hybrid-12k-2026-padel-racket,"The NOX NextGen Pro Hybrid 12K NFA Series 2026 is a teardrop-shaped Padel Racket for intermediate and advanced players who want one dependable frame for defence, transition and attack. Its medium balance, medium-hard feel and official 9.5/10 control rating keep placement predictable without stripping away the power needed to finish. Built for the NOX Future Academy NFA Series, the Hybrid combines "
Nox,NOX Smartstrap Luxury,,,,,EVA,,199,199,0,World of Padel,1,World of Padel,beginner,,yes,https://worldofpadel.co.za/product/nox-smartstrap-luxury/,"NOX Smartstrap Luxury The NOX Smartstrap Luxury is a premium wrist strap accessory designed to keep your padel racket securely fastened to your wrist during every match and training session. As one of Spain’s most trusted padel brands, NOX has earned a reputation for delivering quality and innovation that professional players and recreational enthusiasts alike rely on. The Smartstrap® technology a"
Nox,NOX Ventus Hybrid 12K Lite,2026,teardrop,,medium,EVA,12K carbon,3599,5799,2200,World of Padel,2,PadelZone | World of Padel,improver,,yes,https://worldofpadel.co.za/product/nox-ventus-hybrid-12k-lite-2026-padel-racket/,"The Ventus Hybrid 12K Lite has been designed by NOX for players that look for the perfect balance between control and power with greater manoeuvrability. This is made possible by the reduced weight and the new 2026 Luxury collection aerodynamic design improvments. This versatile Padel Racket combines a teardrop shape with 12K carbon fibre face and MLD Black EVA core for agile, responsive play that"
Nox,NOX VK10 Ventus Control 12K by Aranzazu Osoro,2026,round,360,,EVA,12K carbon,3995,5799,1804,PadelDeals,3,PadelDeals | PadelZone | World of Padel,improver,,yes,https://padeldeals.co.za/products/vk10-ventus-control-12k-by-aranzazu-osoro,"The VK10 Ventus 12K Control, designed in collaboration with Aranzazu Osoro, is designed for players who fight every point with intensity and seek to dominate the court with intelligence and precision. It features the new mould from the 2026 Luxury racket collection, which improves aerodynamics and overall performance. The new racket from “La Vikinga” offers absolute control and a wide sweet spot, "
Nox,NOX VK10 Ventus control | 2026,2026,,,,EVA,12K carbon,5995,5995,0,PadelGear,1,PadelGear,intermediate,,yes,https://www.padelgear.co.za/products/nox-vk10-ventus-2026,"The VK10 Ventus 12K Control, designed in collaboration with Aranzazu Osoro, is designed for players who fight every point with intensity and seek to dominate the court with intelligence and precision. It features the new mould from the 2026 Luxury racket collection, which improves aerodynamics and overall performance. The new racket from “La Vikinga” offers absolute control and a wide sweet spot, "
Nox,NOX X-Hero Blue 2026,2026,round,350,,EVA,3K carbon,1799,1799,0,World of Padel,1,World of Padel,beginner,,yes,https://worldofpadel.co.za/product/2026-x-hero-blue/,"Description The X-Hero is the ideal racket for beginner and intermediate players looking for a balance between consistency, comfort and manoeuvrability to enjoy every match or training session. Its round shape and state-of-the-art materials guarantee maximum control in every shot, offering a dynamic and fun experience on the court. It incorporates technologies from higher ranges, such as the HR3 r"
Nox,NOX X-Hero Red 2026,2026,round,350,,EVA,3K carbon,1899,1899,0,World of Padel,1,World of Padel,beginner,,yes,https://worldofpadel.co.za/product/2026-x-hero-red/,"About The X-Hero is the ideal racket for beginner and intermediate players looking for a balance between consistency, comfort and manoeuvrability to enjoy every match or training session. Its round shape and state-of-the-art materials guarantee maximum control in every shot, offering a dynamic and fun experience on the court. It incorporates technologies from higher ranges, such as the HR3 rubber "
Nox,NOX X-Hero White 2026,2026,round,375,,EVA,carbon,1899,1899,0,World of Padel,2,The Padel Market | World of Padel,beginner,,yes,https://worldofpadel.co.za/product/2026-x-hero-white/,"About The X-Hero is the ideal racket for beginner and intermediate players looking for a balance between consistency, comfort and manoeuvrability to enjoy every match or training session. Its round shape and state-of-the-art materials guarantee maximum control in every shot, offering a dynamic and fun experience on the court. It incorporates technologies from higher ranges, such as the HR3 rubber "
Nox,NOX X-Zero Blue,2026,round,375,,EVA,3K carbon,1899,2295,396,The Padel Market,3,PadelDeals | PadelZone | The Padel Market,beginner,,yes,https://thepadelmarket.co.za/products/nox-x-zero-blue,"Introducing the NOX X-Zero Blue, the perfect Padel Racket for beginners and intermediate players looking for superior control and greater forgiveness on every shot. Built with premium HR3 White EVA core technology and reliable 3K fibreglass construction, this NOX Padel Racket features an optimised hole pattern that widens the sweet spot, improving ball placement. With a slogan like ""NOX Makes You "
Nox,NOX X-Zero Red Padel Racket,,round,375,,EVA,carbon,1899,1899,0,The Padel Market,1,The Padel Market,beginner,,yes,https://thepadelmarket.co.za/products/nox-x-zero-red,"NOX X-Zero Red. beginner control racket from The Padel Market. The Padel Market Playing Profile Round · Control · Beginner Power Low Control Very high Comfort Very high Manoeuvrability Very high Shape Round Level Beginner Description The NOX X-Zero Red is an entry-level round padel racket from NOX's X-Series, built for beginners and improving players. Its round shape, soft feel and large sweet spo"
Osaka,Osaka Pro Tour Control LTD Padel Racket - Holo,,round,,,foam,18K carbon,6499,6499,0,PadelZone,1,PadelZone,intermediate,,yes,https://padelzone.co.za/products/osaka-pro-tour-control-ltd-padel-racket-holo,This Pro Tour Control LTD by Osaka has been constructed from an 18K Metallic Textreme carbon fiber. This is a high quality spread tow fabric built to offer a more consistent playing experience at a lower weight meaning this Padel Racket not only looks good with its holographic finish but performs at the highest level. Osaka World was founded with the commitment to fuse sports heritage with lifesty
Osaka,Osaka Pro Tour Power LTD Padel Racket - Holo,,diamond,,,foam,18K carbon,6499,6499,0,PadelZone,1,PadelZone,intermediate,,yes,https://padelzone.co.za/products/osaka-pro-tour-power-ltd-padel-racket-holo,Made for the power player and constructed from an 18K Metallic Textreme carbon fiber. The Osaka Pro Tour Power LTD is a high quality Padel Racket that offers a consistent playing experience and unparalleled power. Osaka World was founded with the commitment to fuse sports heritage with lifestyle. They have taken inspiration from Japanese culture and design to now produce some of the top performing
Osaka,Osaka Pro Tour Power Padel Racket - Aquatic,,diamond,,,foam,carbon,3499,3499,0,PadelZone,1,PadelZone,improver,,yes,https://padelzone.co.za/products/osaka-pro-tour-power-padel-racket-aquatic,"Dominate the court with the Osaka Pro Tour Power Padel Racket - Aquatic. This high-performance Osaka Padel Racket combines revolutionary Power Core technology with premium carbon fibre construction, delivering explosive power for intermediate to advanced players. The stunning aquatic design features deep ocean blues and turquoise accents that set you apart from the competition. Osaka has establish"
Osaka,Osaka Vision Pro Control Padel Racket - Orange,,round,,,foam,3K carbon,3999,3999,0,PadelZone,1,PadelZone,improver,,yes,https://padelzone.co.za/products/osaka-vision-pro-control-padel-racket-orange,"The Vision Pro Control has been developed by Osaka to offer the ultimate in precision together with a cool design element, allowing you to not only play well but look good in the process. That's why this Padel Racket boasts the 3K twill weave carbon face and single layer kevlar reinforcement with 10-13 white snap EVA foam at it's core. Osaka World was founded with the commitment to fuse sports her"
Puma,Puma Nova Court padel racket,,,,,,,999,999,0,World of Padel,1,World of Padel,beginner,,no,https://worldofpadel.co.za/product/puma-nova-court-padel-racket-2/,
Puma,Puma NOVA Court Womens Padel Racquet,,,,,EVA,,999,999,0,World of Padel,1,World of Padel,beginner,,yes,https://worldofpadel.co.za/product/puma-nova-court-womens-padel-racquet/,Puma NOVA Court Womens Padel Racquet DETAILS Engineered twin-tube frame provides a solid and stable construction Glass fibre fabric offers excellent durability and impact resistance EVA ZOTE UK core ensures optimal comfort and control 3D texture finish Braided grip cord with branded end cap offers a secure and comfortable grip End cap with branded sticker insert Shop also from Women Padel Racket .
Puma,Puma Nova Padel Court Blue Padel Racket,,,,,,fibreglass,999,999,0,World of Padel,1,World of Padel,beginner,,yes,https://worldofpadel.co.za/product/puma-nova-padel-court-blue-padel-racket/,"Features and technologies of Puma Nova Padel Court Padel Racket Fiberglass surface: Provides a soft touch and excellent ball response for superior control. Double tubular frame: Enhances durability and resistance, ideal for beginners looking for stability.. Soft touch: Reduces vibrations, permitting hours of play without discomfort. Braided grip cord with neoprene handle: Provides security and com"
Puma,Puma Nova Padel Smash 2025,2025,round,,,soft EVA,,999,999,0,World of Padel,1,World of Padel,beginner,,yes,https://worldofpadel.co.za/product/puma-nova-padel-smash-2025/,"Puma Nova Padel Smash 2025 PRODUCT STORY Unleash your potential with the PUMA NOVA PADEL SMASH racket. Designed for beginners, it features a 100% glass fibre frame and EVA ZOTE UK core for perfect balance and control. Get ready to smash your goals on the court! DETAILS Designed for beginners with a round shape profile for easy manoeuvrability Durable construction with 100% glass fibre braid frame "
Puma,Puma Nova Smash Junior,,round,310,,EVA,,899,899,0,World of Padel,1,World of Padel,beginner,,yes,https://worldofpadel.co.za/product/puma-nova-smash-junior/,"Puma Nova Smash Junior Give young players the perfect introduction to padel with the Puma Nova Smash Junior Padel Racket—expertly designed to match the physical needs and skill level of junior athletes. Built for beginners, this racket combines lightweight construction, comfort, and control to help kids develop proper technique from the very start. Weighing between 310–330 grams, the Nova Smash Ju"
Puma,Puma Nova Smash Junior Blue,,,,,foam,,1299,1299,0,World of Padel,1,World of Padel,beginner,,yes,https://worldofpadel.co.za/product/puma-nova-smash-junior-blue/,"Puma Nova Smash Junior Blue Introduce young players to the world of padel with the Puma Nova Smash Junior Padel Racket—carefully engineered to suit the physical needs and playing style of children. Unlike standard adult rackets, this junior-specific design focuses on comfort, control, and proper technique development, making it the ideal choice for beginners and aspiring young athletes. The Nova S"
Siux,2025 Siux Diablo Elite 4,2025,,,,medium EVA,12K carbon,3495,3495,0,PadelDeals,1,PadelDeals,improver,,yes,https://padeldeals.co.za/products/2025-siux-diablo-elite-4,"The Siux Diablo Elite 4 is the ideal choice for players seeking versatility and performance. Its head shape and center balance point offer exceptional maneuverability and shot precision. Weighing between 355 and 375 grams, it provides a comfortable feel in hand, while the 12K Carbon head enhances stability and power. The EVA Medium core strikes the perfect balance between control and power, elevat"
Siux,2025 Siux Diablo Go,2025,,,medium,,3K carbon,2495,2495,0,PadelDeals,1,PadelDeals,beginner,,yes,https://padeldeals.co.za/products/2025-siux-diablo-go,"Designed for intermediate players seeking the perfect balance of control and versatility. Featuring a 3K AluMesh surface, this racket offers durability and responsiveness, while its hybrid shape and medium balance ensure precision and maneuverability. With a sleek, sophisticated design, the Diablo 4 Go 2025 delivers smooth gameplay, allowing for agile movements and enhanced comfort on the court."
Siux,2025 Siux Diablo Go 4 Padel Racket – Unleash Power and Precision on the Court!,2025,round,,,soft EVA,carbon,3499,3499,0,World of Padel,1,World of Padel,improver,,no,https://worldofpadel.co.za/product/2025-siux-diablo-go-4-padel-racket-unleash-power-and-precision-on-the-court/,"2025 Siux Diablo Go 4 Padel Racket The 2025 Siux Diablo Go 4 Padel Racket is engineered for players who demand a perfect balance of power, control, and agility. With its advanced features and lightweight design, this racket provides the ideal combination of comfort and precision, making it the perfect choice for those looking to elevate their game. Key Features: ✅ Shape : Round – The round shape o"
Siux,2025 Siux Electra Stupa Pro ST4,2025,teardrop,375,high,hard EVA,15K carbon,3499,3795,296,The Padel Market,2,PadelDeals | The Padel Market,improver,,yes,https://thepadelmarket.co.za/products/siux-electra-stupa-pro-st4-2025,"The Siux Electra Stupa Pro ST4 2025 is Franco Stupaczuk’s ultimate padel racket for the new season, blending innovation with top-tier materials. Featuring a hybrid shape and medium-high balance, it delivers precise offensive shots and a powerful response. The 15K carbon surface provides a medium-hard feel, perfect for advanced players seeking a mix of power and control. Its sandy finish enhances s"
Siux,2025 Siux Valkiria Pro 5,2025,,,medium,,3K carbon,4295,4295,0,PadelDeals,1,PadelDeals,improver,,yes,https://padeldeals.co.za/products/2025-siux-valkiria-pro,"The 2025 Siux Valkiria Pro 5 is a high-performance padel racket designed for advanced and professional players seeking the perfect balance between power and control. Featuring a hybrid shape and medium balance, it offers exceptional maneuverability and versatility on the court. Constructed with 3K carbon and a 24K aluminized surface, this racket delivers a solid feel, precise control, and explosiv"
Siux,2026 Siux Astra Control,2026,,,,,,3495,3495,0,PadelDeals,1,PadelDeals,improver,,yes,https://padeldeals.co.za/products/2026-siux-astra-control,
Siux,2026 Siux Astra Hybrid,2026,,,,,,3495,3495,0,PadelDeals,1,PadelDeals,improver,,yes,https://padeldeals.co.za/products/2026-siux-astra-hybrid,
Siux,2026 Siux Astra Hybrid Air,2026,,,,,,3495,3495,0,PadelDeals,1,PadelDeals,improver,,yes,https://padeldeals.co.za/products/2026-siux-astra-hybrid-air,
Siux,2026 Siux Beat Control,2026,,,,,,4395,4395,0,PadelDeals,1,PadelDeals,improver,,yes,https://padeldeals.co.za/products/2026-siux-beat-control,
Siux,2026 Siux Beat Hybrid 3,2026,,,,,,2495,2495,0,PadelDeals,1,PadelDeals,beginner,,yes,https://padeldeals.co.za/products/2026-siux-beat-hybrid-3,
Siux,2026 Siux Diablo Elite 6,2026,round,,medium,soft EVA,3K carbon,5995,5995,0,PadelDeals,2,PadelDeals | PadelGear,intermediate,,yes,https://padeldeals.co.za/products/2026-diablo-elite-6,"The Siux Diablo Elite 2026 is the ultimate expression of balance, crafted for the versatile player who refuses to be pinned down to a single style of play. Its hybrid shape and medium balance allow for a seamless transition between clinical defensive resets and explosive attacking winners, acting as a natural extension of your arm for every technical demand. This adaptability is driven by the pair"
Siux,2026 Siux Diablo Pro Night Blue,2026,,,,EVA,,6995,6995,0,PadelDeals,1,PadelDeals,advanced,,yes,https://padeldeals.co.za/products/2026-siux-diablo-pro-night-blue,EVA core
Siux,2026 Siux Diablo Pro Royal Blue,2026,teardrop,355,,EVA,18K carbon,6995,6995,0,PadelDeals,2,PadelDeals | PadelGear,advanced,,yes,https://padeldeals.co.za/products/2026-siux-diablo-pro-royal-blue,Level: Pro Style: Hybrid/Control Shape: Teardrop Face: 18K TeXtreme Core: Eva Finish: Matte+3D Weight: 355-375G Hardness: 7/10 Balance: Medium Acc: Switch Strap
Siux,2026 Siux Electra Elite 6,2026,teardrop,,medium,EVA,3K carbon,5955,5995,40,PadelGear,2,PadelDeals | PadelGear,intermediate,,yes,https://www.padelgear.co.za/products/siux-electra-elite-6-2026,"The Siux Electra Elite 6 2026 is a professional-grade masterpiece engineered for players who demand ""intelligent power"" and unwavering control. Its teardrop shape and medium balance provide a versatile foundation, allowing for a seamless transition between rock-solid defensive stability and clinical, punchy attacks from any position on the court. This all-court performance is driven by high-perfor"
Siux,2026 Siux Electra Pro Fire Red Franco Stupaczuk,2026,,,,,,6995,6995,0,PadelDeals,1,PadelDeals,advanced,,yes,https://padeldeals.co.za/products/2026-siux-electra-pro-fire-red-franco-stupaczuk,
Siux,2026 Siux Electra ST5 Pro Shadow Red Franco Stupaczuk,2026,,,,,,6995,6995,0,PadelDeals,1,PadelDeals,advanced,,yes,https://padeldeals.co.za/products/2026-siux-electra-st5-pro-shadow-red-franco-stupaczuk,
Siux,2026 Siux Fenix Elite 6,2026,diamond,,high,hard EVA,3K carbon,4200,5995,1795,World of Padel,2,PadelDeals | World of Padel,improver,,yes,https://worldofpadel.co.za/product/siux-fenix-elite-6-2026/,"Siux Fenix Elite 6 2026 Shape and Balance The diamond shape pushes the balance up toward the head, giving extra inertia on volleys, bandejas, and smashes. This helps a lot in offensive phases. The ball comes out with heavy pace when you hit through it with a full swing. The downside is predictable: in quick exchanges or defensive situations near the glass, the racket can feel a bit demanding to po"
Siux,2026 Siux Fenix Pro Glow Purple Leo Ausburger,2026,,,,,,7395,7395,0,PadelDeals,1,PadelDeals,advanced,,yes,https://padeldeals.co.za/products/2026-siux-fenix-pro-glow-purple,
Siux,2026 Siux Trilogy Elite 6,2026,diamond,,,EVA,18K carbon,5199,5995,796,World of Padel,2,PadelDeals | World of Padel,intermediate,,yes,https://worldofpadel.co.za/product/pala-siux-trilogy-elite-6-2026/,"Pala Siux Trilogy Elite 6 2026 Shape and Balance The racket has a round shape , clearly focused on control and stability. The balance feels slightly centered , giving a very neutral behavior in most situations. This construction makes off-center hits much more forgiving. The racket barely punishes small timing mistakes. On slow and medium swings the head does not feel heavy, so it is easy to place"
Siux,2026 Siux Trilogy Pro Noir Fog,2026,round,,low,EVA,carbon,6995,6999,4,PadelDeals,2,PadelDeals | PadelZone,advanced,,yes,https://padeldeals.co.za/products/2026-siux-trilogy-pro-noir-fog,"Take command of every rally with the Siux Trilogy Pro 2026 , a premium control racket from our Padel Racket collection . The Noir Fog edition pairs a dark graphite face with muted green frame accents for an understated finish that looks every bit as precise as it plays. Built for advanced and professional players, its round shape, low balance and generous sweet spot favour quick preparation and de"
Siux,2026 Siux Valkiria Elite 2,2026,,,,,,5995,5995,0,PadelDeals,1,PadelDeals,intermediate,,yes,https://padeldeals.co.za/products/2026-siux-valkiria-elite-2,
Siux,Racket Siux Diablo Pro 5 2026 Royal Blue,2026,teardrop,375,medium,EVA,18K carbon,5299,5299,0,World of Padel,1,World of Padel,intermediate,,yes,https://worldofpadel.co.za/product/racket-siux-diablo-pro-5-2026-royal-blue/,"Siux Diablo Pro 2026 Night Blue Take your game to the next level with the Siux Diablo Pro 2026 Night Blue. This racket, endorsed by Tino Libaak, is the perfect choice for those seeking professional performance and precision. Its night blue design is not only elegant but also conveys a sense of power and control . The matte finish with 3D relief enhances grip and boosts effects, making this Racket "
Siux,Siux Astra Go Control,,round,355,low,EVA,3K carbon,3299,3299,0,PadelZone,1,PadelZone,improver,,yes,https://padelzone.co.za/products/siux-astra-go-control-2026-padel-racket,"The Siux Astra Go Control 2026 is a control-led Padel Racket for beginner and improving players who value placement, comfort and dependable handling. Its round shape and low balance make the racket quick to position, helping you defend cleanly and direct the ball with confidence. Siux places this model in the accessible Go Series. The monochrome white and black design keeps the presentation sharp,"
Siux,Siux Beat Control 2,2025,round,355,low,EVA,fibreglass,1495,1495,0,PadelDeals,2,PadelDeals | World of Padel,beginner,,yes,https://padeldeals.co.za/products/2025-siux-beat-control-2,"The Siux Beat Control 2 2025 is the perfect padel racket for those who are taking their first steps in padel and are looking for a controlled and precise game. Its round shape and low balance guarantee stability and ease of handling, offering safer and more consistent strokes. Manufactured with Fiber Glass planes and frame, this padel racket provides a soft touch and excellent ball output. In addi"
Siux,Siux Beat Control 3,,round,,,,,1999,1999,0,PadelZone,1,PadelZone,beginner,,yes,https://padelzone.co.za/products/siux-beat-control-3-padel-racket,"Meet the Siux Beat Control 3 Padel Racket, a control-focused frame built for players who value placement, precision and a dependable feel on every shot. Part of our Siux range and our wider Padel Rackets collection, the Beat Control 3 suits improving club players and steady all-court competitors who want their shots to land exactly where they aim. Siux is a Spanish name that has earned a loyal fol"
Siux,Siux Beat Hybrid 2 Padel Racket,,teardrop,375,,soft EVA,carbon,1399,1399,0,The Padel Market,1,The Padel Market,beginner,,no,https://thepadelmarket.co.za/products/siux-beat-hybrid-2,"Siux Beat Hybrid 2. all-round racket from The Padel Market. The Padel Market Playing Profile Round · Hybrid · Beginner Power Medium Control Very high Comfort Very high Manoeuvrability Very high Shape Round Level Beginner Description The Siux Beat Hybrid 2 is an accessible all-round racket from Siux's Beat line, built for beginners and improving players. Its forgiving shape and soft feel deliver a "
Siux,Siux Beat Hybrid Air,2026,round,355,low,soft EVA,fibreglass,1495,4395,2900,World of Padel,2,PadelDeals | World of Padel,beginner,,yes,https://worldofpadel.co.za/product/siux-beat-hybrid-air/,"About The Siux Beat Hybrid Air 2 2025 is a padel racket designed to offer a perfect balance between control and power, ideal for beginners looking to improve their game. Its hybrid shape allows great versatility on the court, adapting to different styles of play. Its EVA Soft rubber core provides a comfortable and precise feel, reducing vibrations and improving impact absorption. Thanks to its fla"
Siux,Siux Beat Junior,,round,,low,EVA,fibreglass,1799,1899,100,World of Padel,2,PadelZone | World of Padel,beginner,,yes,https://worldofpadel.co.za/product/siux-beat-junior/,"Perfect for young players that are looking for control with ample power in each shot. Made to be lioghtweight and manuvaerable for smaller players, the Siux Beat Junior is the perfect Padel Racket for them. Siux being commonly know as the players favourite Padel brand it was almost a given that these Padel Rackets are made to the highest of standards with the absolute best quality materials. Hand "
Siux,Siux Beat Kid,,round,,low,soft EVA,carbon,1700,1700,0,World of Padel,1,World of Padel,beginner,,no,https://worldofpadel.co.za/product/siux-beat-kid/,"The Siux Beat Kid from the Siux Junior Series is the perfect padel racket for young players starting their journey on the court. Now available at PADEL GRAIL in South Africa, this lightweight racket offers the ideal mix of control, comfort, and precision for kids learning the game. With a round shape, low balance, and soft EVA core, it delivers smooth handling, easy maneuverability, and reduced vi"
Siux,Siux Diablo Go 4,,round,,,EVA,3K carbon,3299,3299,0,PadelZone,1,PadelZone,improver,,yes,https://padelzone.co.za/products/siux-diablo-go-4-padel-racket,"Made for the player looking to elevate their game with power and control, the Diablo Go 4 by Siux features the all-new 3K Alumesh face in combination with an even balance hybrid frame. This results in a Padel Racket that not only feels incredible but also has ample power without sacrificing control. Siux has been commonly known as the player's favourite Padel brand and this year it is becoming mor"
Siux,Siux Diablo Pro 4 2025 &#8211; 18k Padel Racket,2025,,,medium,foam,18K carbon,3499,3499,0,World of Padel,1,World of Padel,improver,,yes,https://worldofpadel.co.za/product/siux-diablo-pro-4/,Siux Diablo Pro 4 The Diablo Pro 4 have been developed for our advanced Padel players with a medium balance and gloss surface finish. This is all above the medium touch core and new 18K textreme carbon face making this Padel Racket a powerful option for a player that likes to control the game. Siux has been commonly known as the player’s favourite Padel brand and this year it is becoming more true
Siux,Siux Diablo Revolution Junior 3 2024,2024,,310,low,soft EVA,carbon,1499,1499,0,World of Padel,1,World of Padel,beginner,,yes,https://worldofpadel.co.za/product/siux-diablo-junior/,"Siux Diablo Revolution Junior 3 2024 Introducing the Siux Diablo Revolution Junior 3 2024, a revolutionary padel racket designed specifically for young beginners looking to make their mark on the court. With its perfect balance and lightweight build, this racket is crafted to help budding players develop their technique, providing the ideal foundation for growth in the sport. The Siux Diablo Revol"
Siux,Siux Diablo Revolution Pro 3 2024,2024,,,,medium EVA,15K carbon,3990,3990,0,World of Padel,1,World of Padel,improver,,yes,https://worldofpadel.co.za/product/siux-diablo-rev-pro-3-2/,Siux Diablo REV Pro 3 – Advanced Padel Racket with Ultimate Control Siux have developed the Diablo Revolution Pro together with the legendary Sanyo Gutiérrez to be a hybrid shaped racket with a medium touch for the advanced Padel player. Made with the unique black and red 15K Textreme carbon fiber face in combination with a medium EVA core this Padel Racket has all the power and control necessary 
Siux,Siux Electra ELITE 4,,,,,hard EVA,12K carbon,5299,5299,0,PadelZone,1,PadelZone,intermediate,,yes,https://padelzone.co.za/products/siux-electra-elite-4-padel-racket,"Siux has just launched what they call the Elite range, with this Electra Elite 4 being a perfect example of playability and power in a single package. Made from a 12K carbon fiber face in combination with a hard-touch EVA core, making this the perfect Padel Racket for those who need both control and power in their shots. Siux has been commonly known as the player's favourite Padel brand and this y"
Siux,Siux Electra Elite ST4 2025,2025,,,medium,EVA,12K carbon,3495,3495,0,World of Padel,1,World of Padel,improver,,yes,https://worldofpadel.co.za/product/siux-electra-elite/,"SIUX ELECTRA ELITE The Siux Electra Elite ST4 2025 padel racket is designed for advanced players who seek versatility, control, and precision in their game. Featuring a new optimized bridge structure, this racket provides enhanced maneuverability and stability, offering top-notch performance during both offensive and defensive shots. With a 12K carbon surface and a medium balance , the Electra Eli"
Siux,Siux Electra Go 4,,round,,,EVA,3K carbon,3299,3299,0,PadelZone,1,PadelZone,improver,,yes,https://padelzone.co.za/products/siux-electra-go-4-padel-racket,"Introducing the new Go series by Siux, made with the latest Alumesh face material for the ultimate combination of power and control. Together with a new frame design and sandy surface finish make the Go 4 the perfect Intermediate player Padel Racket . Siux has been commonly known as the player's favourite Padel brand and this year it is becoming more true than ever . With the signing of more fan f"
Siux,Siux Electra Pro 2026 - Fire Red,2026,teardrop,360,high,EVA,12K carbon,4999,6999,2000,The Padel Market,2,PadelZone | The Padel Market,intermediate,,yes,https://thepadelmarket.co.za/products/siux-electra-pro-fire-red-padel-racket-2026,"The Siux Electra Pro 2026 Fire Red is a high-performance Padel Racket for advanced and professional players who want an assertive response without giving up precision. Its teardrop shape and medium balance create an all-round platform for fast volleys, controlled placement and aggressive overhead play. Siux places the Electra Pro in its competition-focused Pro range. The Fire Red finish pairs a bl"
Siux,Siux Electra Pro 2026 Padel Racket - Shadow Red,2026,teardrop,,,EVA,12K carbon,6999,6999,0,PadelZone,1,PadelZone,advanced,,yes,https://padelzone.co.za/products/siux-electra-pro-2026-padel-racket-shadow-red,"The Siux Electra Pro 2026 Padel Racket - Shadow Red is a fierce, competition-ready Padel Racket for advanced players who want explosive attack without losing control. Siux has built its reputation on aggressive, high-performance Padel design, and the Electra line sits right in that sweet spot between precision and power. The hybrid teardrop shape gives you a clean mix of punch and manoeuvrability "
Siux,Siux Electra Pro IT26,,teardrop,355,medium,EVA,12K carbon,6999,6999,0,PadelZone,1,PadelZone,advanced,,yes,https://padelzone.co.za/products/siux-electra-pro-it26-2026-padel-racket,"The limited-edition Siux Electra Pro IT26 2026 Padel Racket carries Franco Stupaczuk’s signature and Italian tricolour details, marking the design created around the Italy Premier Padel event. Siux gives the Electra line a balanced, responsive character for advanced players who want to build points with control and still accelerate through attacking shots. The 12K carbon faces provide a crisp, sol"
Siux,Siux Electra Pro Shadow Red 2026 Padel Racket – Franco Stupaczuk Edition,2026,teardrop,360,medium,EVA,15K carbon,4999,4999,0,The Padel Market,1,The Padel Market,intermediate,,no,https://thepadelmarket.co.za/products/siux-electra-pro-shadow-red-padel-racket-2026-franco-stupaczuk-edition,"Siux Electra Pro Shadow Red 2026. from The Padel Market. The Padel Market Playing Profile Teardrop · Hybrid · Advanced Power Very high Control High Comfort High Manoeuvrability High Shape Teardrop Weight 360-375g Face 15K Carbon Core High-density EVA Balance High Level Advanced Description The Siux Electra Pro Shadow Red 2026 is a versatile all-court racket from Siux's Electra line, the signature "
Siux,Siux Electra Pro ST4,,,360,,hard EVA,15K carbon,3799,3799,0,World of Padel,1,World of Padel,improver,,yes,https://worldofpadel.co.za/product/siux-electra-pro-st4/,"SIUX ELECTRA PRO ST4 The all-new Siux Electra Pro ST4 has finally arrived and it’s better than we could have imagined. With a 15k Carbon Fiber face , hard touch core, and coupled with the unique pro hybrid shaped , this Padel Racket gives you the ultimate in control and power. Siux has been commonly known as the player’s favourite Padel brand and this year it is becoming more true than ever . With"
Siux,Siux Electra st3 Junior Padel Racket,,round,,,soft EVA,carbon,1499,1499,0,World of Padel,1,World of Padel,beginner,,yes,https://worldofpadel.co.za/product/siux-electra-junior/,"Siux Electra st3 Junior Padel Racket Give young padel players the perfect start with the Siux Electra Junior , a lightweight and well-balanced racket designed for junior athletes. This model is inspired by top professional designs, reimagined for smaller hands and growing skills. Discover the Siux Electra ST3 Junior padel racket, a round-shaped racket suitable for players aged 8 to 12. Features: L"
Siux,Siux Fenix Elite 2025,2025,diamond,355,high,hard EVA,12K carbon,3300,3300,0,World of Padel,1,World of Padel,improver,,yes,https://worldofpadel.co.za/product/siux-fenic-elite/,"SIUX FENIX ELITE Made for the player looking for the ultimate power in each shot, the all-new Fenix Elite 5 features a unique diamond shape, hard touch EVA core, and 12k embossed carbon fiber face, making this Padel Racket the perfect attacking platform. Siux has been commonly known as the player’s favourite Padel brand and this year it is becoming more true than ever . With the signing of more fa"
Siux,Siux Fenix Pro 2026 - Glow Purple,2026,diamond,355,high,EVA,12K carbon,5999,5999,0,PadelZone,1,PadelZone,intermediate,,yes,https://padelzone.co.za/products/siux-fenix-pro-2026-padel-racket-glow-purple,"The Siux Fenix Pro 2026 Glow Purple is a power-focused Padel Racket for technically advanced players who want maximum authority in attacking positions. Its diamond shape and high balance put extra mass behind smashes, aggressive volleys and finishing shots at the net. Siux presents this Fenix Pro as Leo Augsburger's 2026 model. The deep purple frame and vivid green throat create the distinctive Gl"
Siux,Siux Fenix Pro 2026 Purple Padel Racket,2026,diamond,,high,hard EVA,12K carbon,5099,5099,0,World of Padel,1,World of Padel,intermediate,,yes,https://worldofpadel.co.za/product/siux-leo-augsburger-fenix-pro-2026-purple-padel-racket/,"Siux Fenix Pro 2026 Purple Padel Racket Shape and Balance This model comes in a diamond shape , with a high balance that immediately gives an offensive character. The racket loads a lot of mass in the head, so overhead shots feel heavy and decisive. On flat volleys and smashes, this balance helps add weight to the ball with very little extra effort. On the other hand, this same balance demands mor"
Siux,Siux Fenix Pro 5,2025,diamond,360,high,soft EVA,carbon,3999,4295,296,World of Padel,3,PadelDeals | The Padel Market | World of Padel,improver,,yes,https://worldofpadel.co.za/product/siux-fenix-pro-5/,"Designed for aggressive, high-performance players, the Siux Fenix Pro 5 2025 is the choice of professional Leo Augsburger. With a diamond shape, high balance, and a 24K carbon surface, this racket delivers unmatched power for offensive play. Its hard touch and 3D finish enhance precision and spin, allowing advanced and professional players to dominate every shot. Built for competition, the Fenix P"
Siux,Siux Fenix Pro 5 Black,2025,diamond,365,high,hard EVA,carbon,3399,3795,396,The Padel Market,3,PadelDeals | The Padel Market | World of Padel,improver,,yes,https://thepadelmarket.co.za/products/siux-fenix-pro-5-black-edition,"The Siux Fenix Pro Black 2025 is the new weapon of professional player Leo Augsburger, created for padel players who thrive on power and dominance. With its diamond shape and high balance, this racket delivers maximum explosiveness at the net, giving you the edge in aggressive, attacking play. Built with 24K carbon faces, the Fenix Pro Black provides a solid, firm feel and excellent resistance, en"
Siux,Siux Fenix Pro Black 2026 Leo Ausburger,2026,diamond,,high,foam,12K carbon,5099,5099,0,World of Padel,1,World of Padel,intermediate,,yes,https://worldofpadel.co.za/product/siux-fenix-pro-black-2026-leo-ausburger/,"Siux Fenix Pro Black 2026 Leo Ausburger Shape and Balance The racket has a diamond shape with a clearly high balance . That combination focuses the performance on power and aggressive play. The head-heavy balance helps a lot in finishing points. The racket comes through the ball with authority, especially in overhead shots. On the other hand, this balance makes it slightly more demanding in quick "
Siux,Siux Fenix Pro Black 2026 Padel Racket,2026,diamond,360,high,hard EVA,carbon,5299,5299,0,The Padel Market,1,The Padel Market,intermediate,,yes,https://thepadelmarket.co.za/products/siux-fenix-pro-black-padel-racket-2026,"Siux Fenix Pro Black 2026. diamond power racket from The Padel Market. The Padel Market Playing Profile Diamond · Power · Advanced Power Very high Control Low Comfort Low Manoeuvrability Medium Shape Diamond Weight 360-375g Face 24K Carbon Core High-density EVA Balance High Level Advanced Description The Siux Fenix Pro Black 2026 is a diamond-shaped power racket from Siux's Fenix line, Leo Augsbur"
Siux,Siux Pegasus Elite 4 Padel Racket | 2026,2026,round,,medium,EVA,carbon,5995,5995,0,PadelGear,1,PadelGear,intermediate,,yes,https://www.padelgear.co.za/products/siux-pegasus-elite-6-2026,"The Siux Pegasus Elite 2026 is a high-performance, semi-professional masterpiece specifically engineered for ambitious players looking to bridge the gap between intermediate and elite-level play. Featuring an oversized round format and a perfectly centered medium balance , this racket provides a generous sweet spot that ensures exceptional stability and precision, even on off-center hits. Its stru"
Siux,Siux Pegasus Pro 2026 Lava Orange,2026,teardrop,360,medium,hard EVA,12K carbon,5200,6995,1795,World of Padel,2,PadelGear | World of Padel,intermediate,,yes,https://worldofpadel.co.za/product/siux-pegasus-pro-2026-lava-orange/,"The Siux Pegasus Pro Lava Orange 2026 is a high-performance padel racket co-designed with professional player Alex Chozas. Built for advanced and professional players, it offers a powerful yet controlled response, thanks to its teardrop shape, hard EVA core, 12K carbon face, and textured matte finish for spin and grip. This racket is ideal for those who want to dominate from both the baseline and "
Siux,SIUX Pegasus Pro Storm Grey Padel Racket | 2026,2026,teardrop,355,,EVA,12K carbon,5495,5495,0,PadelGear,1,PadelGear,intermediate,,yes,https://www.padelgear.co.za/products/siux-pegasus-pro-storm-grey-2026,Level: Pro Style: Hybrid/Power Shape: Teardrop Face: 12K Core: Eva Finish: Matte+3D Weight: 355-375G Hardness: 9/10 Balance: Medium Acc: Switch Strap
Siux,Siux Spyder Hard,,diamond,,high,hard EVA,12K carbon,3799,3799,0,World of Padel,1,World of Padel,improver,,yes,https://worldofpadel.co.za/product/siux-spyder-hrd/,"Siux Spyder HRD The Siux Spyder HRD is a high-performance padel racket crafted for advanced and professional players who demand exceptional power, precision, and durability. Its diamond shape and high balance make it a powerhouse for dominating the net and delivering forceful smashes. Designed for offensive play, this racket is your ultimate weapon on the court. Built with a 3K Carbon tubular fram"
Siux,Siux Spyder Lite Control 3 Hard 2024,2024,round,,medium,soft EVA,,2999,2999,0,World of Padel,1,World of Padel,improver,,no,https://worldofpadel.co.za/product/siux-spyder-control/,"Siux Spyder Lite Control 3 Hard 2024 The Siux Spyder Control is engineered for padel players who prioritize precision, ball placement, and strategic control over raw power. Ideal for intermediate to advanced players, this racket helps you dominate the court with finesse and calculated moves. Features : Round shape for maximum control and precision Medium balance to support both attack and defense "
Siux,Siux Trilogy 4 Control Pro Padel Racket – Patty Llaguno,,round,375,low,soft EVA,carbon,2799,2799,0,The Padel Market,1,The Padel Market,improver,,no,https://thepadelmarket.co.za/products/siux-trilogy-pro-4,"Siux Trilogy 4 Control Pro. round control racket from The Padel Market. The Padel Market Playing Profile Round · Control · Intermediate Power Low Control Very high Comfort Very high Manoeuvrability Very high Shape Round Level Intermediate Description The Siux Trilogy 4 Control Pro is a control racket from Siux's Trilogy line, built for precision and placement. Its round shape and low balance give "
Siux,Siux Trilogy Control 4 Pro,,,,,medium EVA,3K carbon,2999,2999,0,World of Padel,1,World of Padel,improver,,no,https://worldofpadel.co.za/product/siux-trilogy-control-4-pro-2/,Siux Trilogy Control 4 Pro Introducing the all new Trilogy Control Pro 4 by Siux. This Padel Racket stands out for its unique hybrid shape that has then been combined with the all impressive 24K carbon face and Medium density EVA core giving us an overall performance like no other. With high levels of control and precision with extreme power at your fingertips for all those attacking shots at the 
Siux,Siux Trilogy ELITE 5,2025,round,375,low,foam,12K carbon,3299,3495,196,The Padel Market,3,PadelDeals | The Padel Market | World of Padel,improver,,yes,https://thepadelmarket.co.za/products/siux-trilogy-elite-5-2025,"The Siux Trilogy Elite 5 is a high-performance racket designed for advanced players seeking a perfect balance between control and maneuverability. Its round shape and wide sweet spot allow for exceptional precision with every shot, while its medium-feel EVA core offers a smooth and balanced stroke. Constructed with 12K carbon on the surfaces, it guarantees lightness, strength, and durability, deli"
Siux,Siux Trilogy Go 4,,round,355,low,soft EVA,3K carbon,2795,2795,0,World of Padel,1,World of Padel,improver,,yes,https://worldofpadel.co.za/product/siux-trilogy-go-4-2/,"Siux Trilogy Go 4 The Siux Trilogy Go 4 Padel Racket is the perfect companion for intermediate players looking to refine their skills while enjoying exceptional control and comfort. Designed with a round shape and low balance , this racket offers remarkable precision and maneuverability, making it ideal for defensive and tactical gameplay. Its 3K carbon fiber surface provides outstanding durabilit"
Siux,Siux Trilogy Lite Air 4,,round,,,soft EVA,carbon,2899,2899,0,World of Padel,1,World of Padel,improver,,no,https://worldofpadel.co.za/product/siux-trilogy-lite-air-4-2/,"Siux Trilogy Lite Air 4 The Siux Trilogy Lite Air 4 is a precision-engineered padel racket designed for players who prioritize control, comfort, and maneuverability . Its round shape and handle balance ensure precise shots and effortless playability , making it ideal for intermediate to advanced players . With an emerald green edge and a carbon-effect finish , this racket stands out both in perfor"
Siux,Siux Trilogy Lite Air 4 Women,,round,340,low,soft EVA,3K carbon,3499,3499,0,World of Padel,1,World of Padel,improver,,no,https://worldofpadel.co.za/product/siux-trilogy-lite-air-wmn-4-2/,"Siux Trilogy Lite Air WMN 4 The Trilogy Air 4 W is a light weight package has been developed for the type of player that is looking to enjoy great feel and comfort for the entire duration of their game. Boasting a soft EVA core coupled with a 21k carbon face, Siux have ensure this Padel Racket gives you all the feel you need including a high level of power output when needed the most. Siux being c"
Siux,Siux Trilogy Pro 2026 Black Green,2026,round,,low,EVA,carbon,5099,5099,0,World of Padel,1,World of Padel,intermediate,,yes,https://worldofpadel.co.za/product/siux-trilogy-pro-2026-black-green/,"Siux Trilogy Pro 2026 Black Green The Siux Trilogy Pro 2026 Black Green is engineered for professional players seeking absolute control without sacrificing power . Its round shape and low balance deliver ultra-precise shots, offering stability in defense, accurate volleys, and impeccable ball output on blocks and lobs. Crafted for players who construct points intelligently, this racket responds ex"
Siux,Siux Trilogy Pro 5,,round,365,low,medium EVA,3K carbon,2999,3499,500,The Padel Market,2,The Padel Market | World of Padel,improver,,yes,https://thepadelmarket.co.za/products/siux-trilogy-pro-5,"Siux Trilogy Pro 5 The Siux Trilogy Pro 5 is back and better than ever, designed to provide advanced players with the ultimate combination of power, control, and precision. With a cutting-edge 40K carbon face , this racket offers exceptional power and unmatched control, making it the perfect choice for those who demand excellence in their game. Paired with its signature round shape and low balance"
Siux,Siux Trilogy Pro Ash Green 2026,2026,round,360,low,EVA,3K carbon,4999,5199,200,The Padel Market,2,The Padel Market | World of Padel,intermediate,,yes,https://thepadelmarket.co.za/products/siux-trilogy-pro-ash-green-padel-racket-2026,"Siux Trilogy Pro Ash Green 2026 Control and stability for demanding players The Siux Trilogy Pro Ash Green 2026 is the evolution of a reference model, designed for advanced and expert padel players seeking total control and defensive stability. With its round shape and low balance, it delivers unmatched mastery in defensive phases and surgical precision on every shot. Carbon construction for great"
Siux,Siux Trilogy Pro Black Fog 2026 Padel Racket,2026,round,360,low,EVA,3K carbon,4999,4999,0,The Padel Market,1,The Padel Market,intermediate,,no,https://thepadelmarket.co.za/products/siux-trilogy-pro-black-fog-padel-racket-2026,Siux Trilogy Pro Black Fog 2026. round control racket from The Padel Market. The Padel Market Playing Profile Round · Control · Advanced Power Medium Control Very high Comfort Very high Manoeuvrability Very high Shape Round Weight 360-375g Face 3K Carbon Core High-density EVA Balance Medium Level Advanced Description The Siux Trilogy Pro Black Fog 2026 is a control-focused racket from Siux's Trilo
Siux,Siux Valkira Go 2025,2025,teardrop,,,soft EVA,3K carbon,1999,1999,0,World of Padel,1,World of Padel,beginner,,yes,https://worldofpadel.co.za/product/siux-valkira-go/,SIUX VALKIRA GO The all-new Siux Valkyria Go has been developed specifically for women who are looking to elevate their game with maximum control. Made from a soft touch EVA core and newly developed 3K Alumesh face giving you the exact Padel Racket you need to control every point you play. Siux has been commonly known as the player’s favourite Padel brand and this year it is becoming more true tha
Siux,Siux Valkira Pro 2025,2025,teardrop,350,medium,soft EVA,3K carbon,3999,3999,0,World of Padel,1,World of Padel,improver,,no,https://worldofpadel.co.za/product/siux-valkiria-pro/,"Siux Valkira Pro 2025 Introducing the new SIUX Valkiria Pro paddle, specially designed for professional padel players seeking performance, control, and style in every match. Its teardrop shape with medium balance offers exceptional versatility, while the 24K Carbon faces ensure greater durability and resistance. Key Features 24K Carbon Faces : Provides durability and enhanced resistance. Glossy Fi"
Siux,Siux Valkira Pro 5 2025 Padel Racket,2025,teardrop,355,,soft EVA,carbon,3999,3999,0,The Padel Market,1,The Padel Market,improver,,no,https://thepadelmarket.co.za/products/siux-valkira-pro-5-2025,"Siux Valkira Pro 5 2025. control racket from The Padel Market. The Padel Market Playing Profile Teardrop · Control · Intermediate Power Medium Control Very high Comfort Very high Manoeuvrability Very high Shape Teardrop Weight 355-365g Face Carbon Fibre Core EVA Soft Balance Medium Level Intermediate Description The Siux Valkira Pro 5 2025 is a control-oriented racket from Siux's Valkira line, bui"
Siux,Siux Valkiria Elite 2025,2025,round,340,,,12K carbon,3399,3399,0,World of Padel,1,World of Padel,improver,,yes,https://worldofpadel.co.za/product/siux-valkiria-elite-2025/,"Siux Valkiria Elite 2025 The Siux Valkiria Elite 2025 is a lightweight and versatile padel racket crafted for advanced women players who seek the perfect balance of power, control, and comfort. With its 12K carbon surface , this racket delivers exceptional durability and responsiveness, ensuring you get the most out of every shot. Weighing between 340-360g , the Valkiria Elite offers excellent man"
Siux,Siux Valkyria Pro,,,,,medium EVA,3K carbon,4499,4499,0,PadelZone,1,PadelZone,improver,,yes,https://padelzone.co.za/products/siux-valkyria-pro-padel-racket,"Introducing the latest edition to the Siux family of rackets, the all-new Valkyria Pro. Made from an impressive 24K carbon face in combination with a soft touch EVA core making this Padel Racket the perfect option for our advanced women Padel players. Siux has been commonly known as the player's favourite Padel brand and this year it is becoming more true than ever . With the signing of more fan f"
Siux,Siux Valkyria Pro - Sofia Araujo,,round,340,medium,soft EVA,3K carbon,6999,6999,0,PadelZone,1,PadelZone,advanced,,yes,https://padelzone.co.za/products/siux-valkyria-pro-sofia-araujo-2026-padel-racket,"The Siux Valkyria Pro Sofia Araujo 2026 is a hybrid-shaped Padel Racket for professional players seeking a composed blend of control and attacking power. Its medium balance keeps the frame manageable through transitions while retaining the authority needed for volleys and overheads. Developed with professional player Sofia Araujo, the Valkyria Pro reflects a versatile style rather than committing "
StarVie,2026 StarVie Arkos,2026,,,,,,2475,2475,0,PadelDeals,1,PadelDeals,beginner,,yes,https://padeldeals.co.za/products/2026-starvie-arkos,
StarVie,2026 StarVie Astrum +,2026,,,,,,4650,4650,0,PadelDeals,1,PadelDeals,intermediate,,yes,https://padeldeals.co.za/products/2026-starvie-astrum,
StarVie,2026 StarVie Black Titan,2026,,,,,,4875,4875,0,PadelDeals,1,PadelDeals,intermediate,,yes,https://padeldeals.co.za/products/2026-starvie-black-titan,
StarVie,2026 StarVie Drax +,2026,,,,,,4095,4095,0,PadelDeals,1,PadelDeals,improver,,yes,https://padeldeals.co.za/products/2026-starvie-drax,
StarVie,2026 StarVie Kenta +,2026,,,,,,4095,4095,0,PadelDeals,1,PadelDeals,improver,,yes,https://padeldeals.co.za/products/2026-starvie-kenta,
StarVie,2026 StarVie Nyra,2026,,,,,,2475,2475,0,PadelDeals,1,PadelDeals,beginner,,yes,https://padeldeals.co.za/products/2026-starvie-nyra,
StarVie,2026 StarVie Polaris,2026,,,,,,2850,2850,0,PadelDeals,1,PadelDeals,improver,,yes,https://padeldeals.co.za/products/2026-starvie-polaris,
StarVie,2026 StarVie Raptor +,2026,,,,,,4875,4875,0,PadelDeals,1,PadelDeals,intermediate,,yes,https://padeldeals.co.za/products/2026-starvie-raptor,
StarVie,2026 StarVie Triton Balance +,2026,,,,,,4495,4495,0,PadelDeals,1,PadelDeals,improver,,yes,https://padeldeals.co.za/products/2026-starvie-triton-balance,
StarVie,2026 StarVie Triton Power +,2026,,,,,,4495,4495,0,PadelDeals,1,PadelDeals,improver,,yes,https://padeldeals.co.za/products/2026-starvie-triton-power,
StarVie,Starvie Brava,,teardrop,,,EVA,15K carbon,5000,5000,0,World of Padel,1,World of Padel,intermediate,,yes,https://worldofpadel.co.za/product/starvie-brava/,"Starvie Brava Back with a powerful upgrade, the StarVie Brava Pro 2025 is a signature padel racket crafted for players who want elite performance on every shot . Known for its unique balance between power and control , the Brava remains a favorite among advanced-level athletes aiming to master technical play. Its teardrop shape is perfect for those who want power at the top of the racket without s"
Tactical,Tactical Katana Master Edition 2025 Padel Racket,2025,round,355,low,,12K carbon,5999,5999,0,World of Padel,1,World of Padel,intermediate,,yes,https://worldofpadel.co.za/product/tactical-katana-master-edition-2025-padel-racket/,"Tactical Katana Master Edition 2025 Padel Racket Tactical Katana Master Edition Padel Racket 2025. Round shape, 12K carbon fiber, medium-hard, 355-365g. European handcrafted with expanded sweet spot for superior control. Eco-friendly GreenPoxy technology. Perfect for intermediate to advanced players. Techincal Specfications 12K Carbon Fiber – Lightweight carbon fiber construction 12K Carbon Fiber "
Tactical,Tactical Padel EL Jefe Master Edition,,round,,,foam,3K carbon,7999,7999,0,World of Padel,1,World of Padel,advanced,,yes,https://worldofpadel.co.za/product/tactical-padel-el-jefe/,"Tactical Padel EL Jefe Master Edition The El Jefe Master Edition is designed for precision and maneuverability. Featuring an expanded sweet spot, lightweight construction, and a responsive core, this racket offers strategic control. Perfect for tactical play, it ensures superior sensitivity with every ball hit. Crafted sustainably in Europe using eco-friendly Greenpoxy. Shape : Round Colour : Glos"
Tactical,Tactical padel El Mastero lime,,round,355,low,foam,carbon,5999,5999,0,World of Padel,1,World of Padel,intermediate,,yes,https://worldofpadel.co.za/product/tactical-padel-el-mastero-lime/,"Tactical padel El Mastero lime Step onto the court with confidence and flair—introducing the El Maestro, your ultimate companion for leveling up from intermediate to advanced play. Crafted for the ambitious player seeking to add power and precision to every stroke, this paddle strikes the perfect harmony between effortless control and explosive performance. From the first serve to your most daring"
Tactical,Tactical padel EL Sabio,,round,355,low,foam,3K carbon,6499,6499,0,World of Padel,1,World of Padel,intermediate,,yes,https://worldofpadel.co.za/product/tactical-padel-el-sabio/,"El Sabio: Your Secret Weapon on the Court Elevate every rally and outmaneuver your opponent with El Sabio, the racket that blends razor-sharp precision with feather-light agility. From the moment you grip its soft-touch handle to the instant you hear that crisp “POP” at impact, you’ll know you’ve found a partner built to amplify your tactical finesse and unleash your playful side. Whether you’re p"
Varlion,Varlion Bourne Carbon Platinum,2026,diamond,,,soft EVA,12K carbon,5995,5999,4,PadelGear,2,PadelGear | PadelZone,intermediate,,yes,https://www.padelgear.co.za/products/varlion-bourne-carbon-platinum-2026,The all-new Bourne Carbon Platinum by Varlion is a revolutionary Padel Racket engineered in Sweden for professional players who demand uncompromising power and precision. This premium Varlion Padel Racket combines the exclusive Bourne shape with cutting-edge 7 Rhombus Carbon Aluminium technology for an explosive offensive game. Varlion has established itself as a pioneering force in Padel innovati
Varlion,Varlion Bourne Prisma Carbon Soft,,diamond,,medium,EVA,carbon,5499,5499,0,PadelZone,1,PadelZone,intermediate,,yes,https://padelzone.co.za/products/varlion-bourne-prisma-soft-padel-racket,"The Varlion Bourne Prisma Carbon Soft has officially arrived. Designed by Varlion for the advanced player, this Padel Racket delivers explosive power combined with precise control through its innovative diamond shape and cutting-edge Prisma frame technology. Featuring a medium-hard touch that responds to both attacking and defensive play, this Varlion Padel Racket represents the pinnacle of Spanis"
Varlion,Varlion Bourne Prisma Soft Padel Racket | 2026,2026,diamond,,,EVA,carbon,5995,5995,0,PadelGear,1,PadelGear,intermediate,,yes,https://www.padelgear.co.za/products/varlion-lwc-3-summum-2026-copy,"Bring elite power and a sharp aesthetic to the court with the Varlion Bourne Prisma Soft Padel Racket. Crafted specifically for advanced players who demand aggressive performance, this 2026 model offers a perfect balance of explosive power, aerodynamic speed, and comfortable touch. Whether you are dominating the net with heavy volleys or finishing the point with a decisive smash, the Bourne Prisma"
Varlion,Varlion LW 8.8,,round,,low,soft EVA,carbon,1999,2799,800,PadelZone,2,PadelZone | World of Padel,improver,,yes,https://padelzone.co.za/products/varlion-lw-8-8-padel-racket,"Introducing the Varlion LW 8.8, the perfect first Padel Racket designed specifically for beginner players seeking exceptional control and rapid improvement. This outstanding Varlion Padel Racket combines Varlion's innovative Hexagon frame technology with a forgiving Hypersoft EVA core, delivering the ideal foundation for developing your Padel skills. Varlion has built its reputation on creating ra"
Varlion,Varlion LW Carbon 3 Summum,,round,355,high,EVA,carbon,5999,5999,0,PadelZone,2,PadelZone | World of Padel,intermediate,,yes,https://padelzone.co.za/products/varlion-lw-carbon-3-summum-padel-racket,"Experience legendary performance with the Varlion LW Carbon 3 Summum, a reissue of the famous LW Carbon 3, famous for its excellent quality, performance and durability. This exceptional Padel Racket represents the pinnacle of control-oriented design, featuring advanced SOFTCOLOR CORE EVA technology and premium bidirectional carbon construction for players who demand precision and consistency. The "
Varlion,Varlion LW Carbon Black Orquidea,,round,,low,EVA,carbon,5999,5999,0,PadelZone,2,PadelZone | World of Padel,intermediate,,yes,https://padelzone.co.za/products/varlion-lw-carbon-black-orquidea-padel-racket,"Here we have the new Varlion LW Carbon Black Orquidea with it's elegant design, made for intermediate players. This Padel Racket is here to elevate your game with sophisticated control and precision. This striking Varlion Padel Racket combines Varlion's advanced Lethal Weapon shape with innovative Softcolor technology, delivering exceptional performance wrapped in stunning aesthetics. Varlion cont"
Varlion,Varlion LW Carbon Gold/Black,,round,,low,EVA,carbon,4999,4999,0,PadelZone,1,PadelZone,intermediate,,yes,https://padelzone.co.za/products/varlion-lw-carbon-gold-black,"Experience legendary control with the Varlion LW Carbon Gold/Black, a masterfully crafted Padel Racket designed for intermediate to advanced players seeking defensive excellence combined with elegant aesthetics. Built with Varlion's iconic LW (Lethal Weapon) round shape and premium Hexagon Frame technology, this Varlion Padel Racket delivers exceptional touch sensitivity and control precision that"
Varlion,Varlion LW Carbon Ti Padel Racket,2026,round,,low,medium EVA,carbon,2799,3995,1196,World of Padel,3,PadelGear | PadelZone | World of Padel,improver,,yes,https://worldofpadel.co.za/product/varlion-lw-carbon-ti-padel-racket/,"Discover the exceptional control and precision of the Varlion LW Carbon Ti, a masterfully engineered Padel Racket designed for intermediate to advanced players seeking maximum defensive capabilities. Built with premium EVA Hypersoft core technology and titanium dioxide coating, this Varlion Padel Racket delivers unparalleled touch sensitivity and durability for players who demand excellence. Varli"
Varlion,Varlion LW Hexagon 8.8,,round,345,,EVA,carbon,1495,1495,0,World of Padel,1,World of Padel,beginner,,yes,https://worldofpadel.co.za/product/varlion-lw-hexagon-8-8/,Specifications Brand Varlion Season 2022 Gender Unisex Level Starting out Type of Game Control Shape Round Surface Smooth Weight 345 – 370 g Structure Carbon fiber + fiberglass Core EVA Hypersoft Racket Face Fiberglass
Varlion,Varlion LW Hexagon 8.8 Woman,,round,345,,EVA,carbon,1495,1495,0,World of Padel,1,World of Padel,beginner,,no,https://worldofpadel.co.za/product/varlion-lw-hexagon-8-8-woman/,"The LW Hexagon 8.8 returns with a refreshed design and continues to stand out as one of the most affordable beginner padel rackets on the market. Designed with a round shape for maximum control, it combines a carbon fiber and fiberglass frame and surface, giving players both stability and a forgiving feel on every shot. Varlion’s GRADUAL HOLES system enlarges the sweet spot by using smaller holes "
Varlion,Varlion LW Rose Carbon Ti,,round,350,low,,carbon,3799,3799,0,World of Padel,1,World of Padel,improver,,no,https://worldofpadel.co.za/product/varlion-lw-rose-carbon-ti/,"Varlion LW Rose Carbon Ti 2026 The Varlion LW Rose Carbon Ti 2026 is a padel racket designed for intermediate to advanced players who value precision and a soft touch. With its round shape, mid-low balance and medium core, it is built to give you total control over every rally. Whether you are placing shots at the back of the court or guiding volleys at the net, this racket delivers comfort, stabi"
Varlion,Varlion LWC 3 Summum Padel Racket | 2026,2026,round,,,EVA,18K carbon,5995,5995,0,PadelGear,1,PadelGear,intermediate,,yes,https://www.padelgear.co.za/products/varlion-maxima-prisma-carbon-soft-2026-copy,"Bring elite precision and a sharp aesthetic to the court with the Varlion Lethal Weapon Carbon (LWC) 3 Summum Padel Racket. Crafted specifically for advanced players who prioritize absolute control, this 2026 reissue of a legendary model offers a perfect balance of traditional maneuverability, dynamic aerodynamic technologies, and exquisite touch. Whether you are defending meticulously from the ba"
Varlion,Varlion Maxima Carbon Rose Padel,,diamond,,medium,foam,18K carbon,6999,6999,0,World of Padel,1,World of Padel,advanced,,yes,https://worldofpadel.co.za/product/varlion-maxima-carbon-rose-padel/,"Varlion Maxima Carbon Rose Padel The Varlion Maxima Carbon Rose is a premium padel racket designed for professional players who demand the perfect blend of power, control, and sophistication. Part of Varlion’s exclusive REGA line , this racket features a stunning rose-accented carbon finish that stands out both on and off the court, embodying elegance with every swing. Varlion has built a reputati"
Varlion,Varlion Maxima Cube Elbowcare,,teardrop,,,,carbon,7399,7399,0,PadelZone,1,PadelZone,advanced,,yes,https://padelzone.co.za/products/varlion-maxima-cube-elbowcare-padel-racket,"Introducing the Varlion Maxima Cube Elbowcare W, the revolutionary control-focused Padel Racket engineered specifically for precision players who demand winter-optimised performance. Part of Varlion's exclusive REGA line, this isn't just a high-end racket - it's a REGA innovation that's unique, unrivalled, and designed to make every shot count with exceptional control and reduced elbow strain. Sin"
Varlion,Varlion Maxima Prisma Carbon Soft,2026,round,,,EVA,carbon,5995,5999,4,PadelGear,3,PadelGear | PadelZone | World of Padel,intermediate,,yes,https://www.padelgear.co.za/products/varlion-ergo-begins-racket-bag-copy,"Varlion have made the Maxima Prisma Carbon Soft, to be a truly revolutionary Padel Racket engineered for advanced players seeking the perfect balance of control and power. Built with cutting-edge Softcolor Core EVA technology and premium bidirectional carbon construction, this Varlion Padel Racket delivers exceptional performance for those who demand excellence on court. Varlion continues to push "
Varlion,Varlion Maxima Prisma Orquidea,,teardrop,,high,EVA,carbon,5999,5999,0,PadelZone,2,PadelZone | World of Padel,intermediate,,yes,https://padelzone.co.za/products/varlion-maxima-prisma-orquidea-padel-racket,"The Maxima Prisma Orquidea is finally here. Made by Varlion for the advanced player, this Padel Racket perfectly balances power and control with its elegant orchid-inspired design. Featuring the revolutionary Maxima hybrid shape and cutting-edge Prisma frame technology, this Varlion Padel Racket delivers 60% control and 40% power for the ultimate versatile performance on court. Varlion continues t"
Wilson,Wilson Bela LS V3,,teardrop,355,medium,foam,carbon,4999,4999,0,PadelZone,1,PadelZone,intermediate,,yes,https://padelzone.co.za/products/wilson-bela-ls-v3-2025-padel-racket,"The Wilson Bela LS V3 Padel Racket brings Fernando Belasteguín’s signature line into a lighter, more manageable build for fast all-court play. Wilson combines a hybrid teardrop profile with medium balance and a 355 g weight, helping intermediate players move the racket quickly while retaining a composed response through contact. The carbon and fibreglass face blends stiffness with measured flex. Y"
Wilson,Wilson Bela Pro V2.5 Padel Racket,,round,,,foam,carbon,6999,6999,0,PadelZone,1,PadelZone,advanced,,yes,https://padelzone.co.za/products/wilson-bela-pro-v2-5-padel-racket,"Designed together with the great Fernando Belasteguin, this Padel Racket is the culmination of years of experience on the court and in the manufacturing of high quality equipment. The result is the Bela Pro V2.5 made with Wilson's Firm EVA Core and Primero Carbon face, offering a combination of power and responsiveness, together with an enhanced sweet spot. With over 100 years of experience in the"
Wilson,Wilson Bela Pro V3,,teardrop,,high,foam,carbon,4999,6499,1500,World of Padel,2,PadelZone | World of Padel,intermediate,,yes,https://worldofpadel.co.za/product/bela-pro-v3-padel-racket/,"Co-designed with Padel legend Fernando Belasteguín, the Wilson Bela Pro V3 represents the pinnacle of advanced Padel Racket engineering. This high-performance Padel Racket delivers exceptional versatility for attacking players seeking to dominate every point with its perfect balance of explosive power and precision control. Featuring 24K carbon construction and Power Foam core technology, this Wil"
Wilson,Wilson Blade Pro V3 Padel Racket,,teardrop,,,EVA,carbon,5499,5499,0,PadelZone,1,PadelZone,intermediate,,yes,https://padelzone.co.za/products/wilson-blade-pro-v3-padel-racket,"The Wilson Blade Pro V3 offers explosive power in a teardrop-shaped package. Made with a firm EVA core and carbon fiber face, this Padel Racket offers responsiveness like no other . With over 100 years of experience in the manufacturing of only the highest quality sporting equipment paired with the valuable insight of some of the greatest players to ever play the game of Padel , Wilson has made su"
Wilson,Wilson Defy LS V1,,diamond,,,foam,carbon,3799,3799,0,PadelZone,1,PadelZone,improver,,yes,https://padelzone.co.za/products/wilson-defy-ls-v1-padel-racket,"Wilson built the Defy LS as the most accessible frame in the Defy family, and it lands in our Wilson collection as a power racket you can actually swing. If you've been browsing our Padel rackets for something diamond-shaped that won't punish your arm, this is the one to read about. It's aimed at the intermediate attacker who wants to finish points without inheriting a tour pro's weight penalty. T"
Wilson,Wilson Defy Pro V1,,diamond,,,foam,15K carbon,4799,5999,1200,World of Padel,2,PadelZone | World of Padel,intermediate,,yes,https://worldofpadel.co.za/product/wilson-defy-pro-v1/,"Step into the elite level of Padel performance with the Wilson Defy Pro V1 – a high-performance Padel racket built for advanced and professional players who demand explosive power, aggressive spin, and maximum court presence. Featuring a bold, diamond-shaped frame and a premium 15K carbon fiber surface, this racket brings cutting-edge design and high-octane performance to the modern power player. "
Wilson,Wilson Endure LS V1,,round,,,foam,carbon,4999,4999,0,PadelZone,1,PadelZone,intermediate,,yes,https://padelzone.co.za/products/wilson-endure-ls-v1-2026-padel-racket,"The Wilson Endure LS V1 2026 is a lightweight, round-shaped Padel Racket built for intermediate players who want quick handling, comfort and reliable control. At 355 grams, it is the lighter Endure option, giving you easier preparation on defence and less fatigue through longer matches. Wilson brings serious racket-sport pedigree to this control-focused design. The Endure LS V1 keeps the forgiving"
Wilson,Wilson Endure Pro V1,,round,,,foam,3K carbon,4799,4799,0,World of Padel,1,World of Padel,intermediate,,yes,https://worldofpadel.co.za/product/wilson-endure-pro-v1/,"Wilson Endure Pro V1 The Wilson Endure Pro V1 is a padel racket specifically designed for advanced and competitive players who thrive on intelligent defense and tactical precision. Featuring a round shape and a control-oriented balance, this racket empowers you to dominate each point from the back of the court. It combines maneuverability, sensitivity, and consistency to perfection. The Wilson End"
Wilson,Wilson Optix V1,,round,,,foam,fibreglass,1999,1999,0,PadelZone,1,PadelZone,beginner,,yes,https://padelzone.co.za/products/wilson-optics-v1-padel-racket,"The Optix V1 is a highly accessible Padel Racket designed by Wilson to introduce players to the fast-paced sport of Padel. This Racket is engineered for control, comfort, and forgiveness, making it an ideal choice for players taking their first steps onto the court. With a focus on ease of play, the Optix V1 features a large head size, significantly increasing the sweet spot and providing an incre"
Wilson,Wilson Optix V2 Power Red,,round,355,,foam,carbon,1999,1999,0,PadelZone,1,PadelZone,beginner,,yes,https://padelzone.co.za/products/wilson-optix-v2-power-2026-padel-racket,"The Wilson Optix V2 Power 2026 is a round-shaped Padel Racket built for beginners and casual players who already have some racket sports behind them and want power, comfort and responsiveness. Its large sweet spot gives you a generous margin for error while you find your timing on court. Wilson has a long history in racket sports, and the Optix V2 Power carries that experience into a straightforwa"
Wilson,Wilson Pro Staff LT V2 Padel Racket,,round,,,foam,,1899,1899,0,World of Padel,1,World of Padel,beginner,,yes,https://worldofpadel.co.za/product/wilson-pro-staff-lt-v2-padel-racket/,"Wilson Pro Staff LT V2 Padel Racket The Wilson Pro Staff LT v2 Padel Racket is designed for players who prioritize comfort, precision, and easy handling. As the lightest racket in the Pro Staff v2 lineup, it delivers a smooth, arm-friendly playing experience without compromising control or stability. Built with soft foam construction and a lightly textured surface, this racket reduces strain on th"
X-ONE,X-ONE BLUE CASUAL SERIES RACKET,,,,,,,1999,1999,0,World of Padel,1,World of Padel,beginner,,no,https://worldofpadel.co.za/product/x-one-blue-casual-series-racket-2/,"A casual, entry-level racket aimed at recreational players. It offers ease of play and comfort, making it a good option for those just starting with padel."
X-ONE,X-ONE EVO BLUE RACKET,,,,,,,1999,1999,0,World of Padel,1,World of Padel,beginner,,no,https://worldofpadel.co.za/product/x-one-evo-blue-racket-2/,"This is a beginner-friendly racket offering a great combination of power and control. Its lightweight design makes it easy to maneuver, ideal for newer players."
